index,gene_name,uniprot,uniprot_class,p_raw,p_corr,fc,expression,plddt,transcript_ID,gene_ID,cell_type_count
neutrophil,AHSA1,O95433-2,isoform,6.464945078745621e-150,6.742394661745068e-144,inf,2.5825768256832435,81.816875,ENST00000535854.6,ENSG00000100591.8,397
cd24 neutrophil,AHSA1,O95433-2,isoform,5.3681879359196605e-79,5.5985690893775885e-73,inf,2.3018939935204092,81.816875,ENST00000535854.6,ENSG00000100591.8,225
smooth muscle cell,TPM2,P07951-2,isoform,1.821751111545333e-44,1.8999333822484127e-38,inf,5.831786415192578,91.35521127,ENST00000378292.9,ENSG00000198467.16,98
granulocyte,AGPAT2,O15120-2,isoform,1.5623010864077463e-09,0.001629348799832021,inf,1.1096294025617024,87.46382114,ENST00000371694.7,ENSG00000169692.13,72
nampt neutrophil,VAPA,Q9P0L0-1,reference,1.2025378320546374e-21,1.2541459456550942e-15,inf,1.8452061776672994,78.74076305220885,ENST00000400000.7,ENSG00000101558.14,70
cd24 neutrophil,VAPA,Q9P0L0-1,reference,7.547405489086267e-63,7.871309943055893e-57,inf,1.5128396842317073,78.74076305220885,ENST00000400000.7,ENSG00000101558.14,225
nampt neutrophil,AHSA1,O95433-2,isoform,1.2130690102336664e-24,1.2651290798768544e-18,inf,2.4893469518889533,81.816875,ENST00000535854.6,ENSG00000100591.8,70
slow muscle cell,ATP5F1C,P36542-2,isoform,5.943303222513313e-10,0.0006198366023610695,497663047.58806115,2.916026525340489,87.69457912,ENST00000335698.4,ENSG00000165629.20,52
neutrophil,GPM6B,Q13491-2,isoform,2.1542128910365085e-131,2.2466630914682313e-125,9915257.042209331,1.7386997590593432,82.62768293,ENST00000454189.6,ENSG00000046653.15,397
classical monocyte,GPM6B,Q13491-2,isoform,2.424321189138061e-139,2.52836335729111e-133,414.98962270183034,1.1489917107721954,82.62768293,ENST00000454189.6,ENSG00000046653.15,639
vascular associated smooth muscle cell,TPM2,P07951-2,isoform,2.260530537539302e-69,2.3575434660883385e-63,388.3093358191758,5.856276064996919,91.35521127,ENST00000378292.9,ENSG00000198467.16,156
pericyte cell,TPM2,P07951-2,isoform,1.926684732660312e-63,2.0093703346471617e-57,267.13651278590055,3.0924606779065846,91.35521127,ENST00000378292.9,ENSG00000198467.16,405
kidney epithelial cell,ETFB,P38117-1,reference,2.0273845701184187e-42,2.1143918063296208e-36,238.89623580563028,3.2535010227374848,96.40050980392157,ENST00000309244.9,ENSG00000105379.10,173
fibroblast,TPM2,P07951-2,isoform,1.332591559096201e-97,1.3897810584463735e-91,227.64203256600302,1.575046722337576,91.35521127,ENST00000378292.9,ENSG00000198467.16,1109
monocyte,AHSA1,O95433-2,isoform,0.0,0.0,221.81542440669025,2.3897448392299347,81.816875,ENST00000535854.6,ENSG00000100591.8,907
fast muscle cell,ATP5F1C,P36542-2,isoform,2.88708288804161e-19,3.0109849372648037e-13,215.6054968134508,3.411149333137563,87.69457912,ENST00000335698.4,ENSG00000165629.20,85
lacrimal gland functional unit cell,SOD2,P04179-1,reference,5.421214124979557e-103,5.65387095036718e-97,213.06670588261835,3.1865987886475433,93.11576576576576,ENST00000538183.7,ENSG00000112096.19,109
muscle cell,TPM2,P07951-2,isoform,2.018361194067146e-11,2.1049811830717314e-05,158.25206217905992,4.652658786629147,91.35521127,ENST00000378292.9,ENSG00000198467.16,35
fast muscle cell,TPM1,P09493-1,reference,3.190380725678733e-113,3.327299104901961e-107,126.56220373881487,5.482865470958753,91.56017605633794,ENST00000403994.9,ENSG00000140416.23,85
naive b cell,SOD2,P04179-1,reference,7.517158735837134e-305,7.83976512014432e-299,113.35393582445992,2.9750756237115294,93.11576576576576,ENST00000538183.7,ENSG00000112096.19,262
mature enterocyte,SOD2,P04179-1,reference,0.0,0.0,105.16966956464368,2.130358359259739,93.11576576576576,ENST00000538183.7,ENSG00000112096.19,693
classical monocyte,AHSA1,O95433-2,isoform,3.541654502626051e-188,3.693648147260751e-182,101.74330177138364,1.9923210352035425,81.816875,ENST00000535854.6,ENSG00000100591.8,639
lacrimal gland functional unit cell,RCAN1,P53805-4,isoform,4.562881901030266e-44,4.758702540694881e-38,97.14283359004597,1.3936725975959818,80.66735043,ENST00000482533.5,ENSG00000159200.18,109
granulocyte,AHSA1,O95433-2,isoform,1.7595777407717046e-31,1.835091779094663e-25,80.62010890946489,1.698094321094744,81.816875,ENST00000535854.6,ENSG00000100591.8,72
cd8-positive alpha-beta t cell,SOD2,P04179-1,reference,5.5565231221317866e-43,5.794986868441194e-37,73.12003703537233,2.750941319198463,93.11576576576576,ENST00000538183.7,ENSG00000112096.19,54
lacrimal gland functional unit cell,VAPA,Q9P0L0-1,reference,1.2757474825240535e-27,1.3304974614840558e-21,72.00788202532335,1.1119427685066967,78.74076305220885,ENST00000400000.7,ENSG00000101558.14,109
regulatory t cell,SOD2,P04179-1,reference,4.836047948463568e-38,5.043591782219831e-32,69.78230450570271,2.6833835209796186,93.11576576576576,ENST00000538183.7,ENSG00000112096.19,66
fast muscle cell,TPM2,P07951-1,reference,1.1511722740356016e-27,1.2005759833481134e-21,65.1466402821458,5.777173741068678,91.41542253521136,ENST00000645482.3,ENSG00000198467.16,85
adventitial cell,TPM2,P07951-2,isoform,5.14254431456242e-28,5.36324174636618e-22,53.83984372687613,1.130351807421055,91.35521127,ENST00000378292.9,ENSG00000198467.16,418
cd4-positive helper t cell,SOD2,P04179-1,reference,6.504322097124974e-142,6.783461584245189e-136,52.97074919899704,2.171440519733114,93.11576576576576,ENST00000538183.7,ENSG00000112096.19,162
immature enterocyte,ATP5F1C,P36542-1,reference,5.5096978231725614e-17,5.746152014951835e-11,49.99129505373232,3.505360891295167,87.87973154362413,ENST00000356708.12,ENSG00000165629.20,44
memory b cell,SOD2,P04179-1,reference,0.0,0.0,48.30717038228089,2.667624974628892,93.11576576576576,ENST00000538183.7,ENSG00000112096.19,1094
"naive thymus-derived cd4-positive, alpha-beta t cell",SOD2,P04179-1,reference,5.2e-321,5.420629534e-315,47.80880144412606,2.275720317867265,93.11576576576576,ENST00000538183.7,ENSG00000112096.19,344
cd24 neutrophil,SOD2,P04179-1,reference,9.7880388035172e-86,1.0208102276808944e-79,46.96368319263593,2.038409961729854,93.11576576576576,ENST00000538183.7,ENSG00000112096.19,225
slow muscle cell,TPM2,P07951-1,reference,5.767704746221684e-23,6.015231563110533e-17,46.457696580595744,6.761666422399182,91.41542253521136,ENST00000645482.3,ENSG00000198467.16,52
neutrophil,VAPA,Q9P0L0-1,reference,1.0061042486936132e-113,1.0492822186305484e-107,43.90112732915415,1.9059176363732409,78.74076305220885,ENST00000400000.7,ENSG00000101558.14,397
nk cell,SOD2,P04179-1,reference,0.0,0.0,41.64972592123696,2.175327401562723,93.11576576576576,ENST00000538183.7,ENSG00000112096.19,613
cd24 neutrophil,LDHA,P00338-2,isoform,1.846843830121932e-45,1.926102979935445e-39,41.52693015436403,1.2227375155128801,86.00675182,ENST00000396222.6,ENSG00000134333.14,225
monocyte,SOD2,P04179-1,reference,0.0,0.0,41.21748560568294,3.212645768889426,93.11576576576576,ENST00000538183.7,ENSG00000112096.19,907
cd24 neutrophil,EMC10,Q5UCC4-1,reference,1.2519768801934381e-26,1.3057067199838197e-20,40.52790052274034,1.252842710050257,78.0975572519084,ENST00000334976.11,ENSG00000161671.17,225
goblet cell,SOD2,P04179-1,reference,1.3959938073635712e-108,1.4559042776003863e-102,40.33459660972719,2.1570632558115492,93.11576576576576,ENST00000538183.7,ENSG00000112096.19,119
mature enterocyte,AHSA1,O95433-2,isoform,6.022937051639039e-205,6.28141741814718e-199,39.44081582829325,1.1892959883347827,81.816875,ENST00000535854.6,ENSG00000100591.8,693
innate lymphoid cell,SOD2,P04179-1,reference,0.0,0.0,37.87452247663978,2.3926375278161283,93.11576576576576,ENST00000538183.7,ENSG00000112096.19,517
b cell,SOD2,P04179-1,reference,0.0,0.0,36.655468409800115,2.628180726713238,93.11576576576576,ENST00000538183.7,ENSG00000112096.19,740
"naive thymus-derived cd8-positive, alpha-beta t cell",SOD2,P04179-1,reference,1.926672266218146e-37,2.009357333195164e-31,36.466452926014114,2.3074881899605044,93.11576576576576,ENST00000538183.7,ENSG00000112096.19,43
myeloid cell,GPM6B,Q13491-2,isoform,3.2244643124949647e-15,3.3628454229299987e-09,36.163495753031214,1.0319703817724837,82.62768293,ENST00000454189.6,ENSG00000046653.15,58
"cd4-positive, alpha-beta t cell",SOD2,P04179-1,reference,0.0,0.0,33.225699588167735,2.1039454635640573,93.11576576576576,ENST00000538183.7,ENSG00000112096.19,1094
leucocyte,SOD2,P04179-1,reference,5.783492165966992e-85,6.031696515761631e-79,31.589061340156757,2.349019027956005,93.11576576576576,ENST00000538183.7,ENSG00000112096.19,155
lacrimal gland functional unit cell,AHSA1,O95433-2,isoform,5.581868830872765e-34,5.8214203136185e-28,29.962895217393573,1.4152312995741947,81.816875,ENST00000535854.6,ENSG00000100591.8,109
cardiac endothelial cell,SOD2,P04179-1,reference,3.3044386267461745e-63,3.4462519148516136e-57,29.713070331589346,1.9371351101647971,93.11576576576576,ENST00000538183.7,ENSG00000112096.19,108
pancreatic acinar cell,SOD2,P04179-1,reference,1.8145942932435514e-159,1.8924694219323915e-153,29.228777995419126,1.7325263213270816,93.11576576576576,ENST00000538183.7,ENSG00000112096.19,444
"cd4-positive, alpha-beta memory t cell",SOD2,P04179-1,reference,2.5208612688745246e-269,2.6290465510895437e-263,26.17930540845858,2.1161017539460256,93.11576576576576,ENST00000538183.7,ENSG00000112096.19,402
dendritic cell,SOD2,P04179-1,reference,6.021087430293137e-33,6.2794884184515975e-27,25.98982304094254,1.512168271760176,93.11576576576576,ENST00000538183.7,ENSG00000112096.19,68
"cd8-positive, alpha-beta memory t cell",SOD2,P04179-1,reference,0.0,0.0,24.557829588214165,2.311902877049657,93.11576576576576,ENST00000538183.7,ENSG00000112096.19,491
capillary aerocyte,SOD2,P04179-1,reference,9.651982332814116e-25,1.0066206806609168e-18,23.112630662048623,1.603835294419205,93.11576576576576,ENST00000538183.7,ENSG00000112096.19,38
monocyte,VAPA,Q9P0L0-1,reference,3.5137652173066055e-292,3.6645619653725356e-286,22.970395768657426,1.9827504543455847,78.74076305220885,ENST00000400000.7,ENSG00000101558.14,907
cd4-positive alpha-beta t cell,SOD2,P04179-1,reference,5.859461364271123e-131,6.110926008180183e-125,22.690505787571265,2.906878356398963,93.11576576576576,ENST00000538183.7,ENSG00000112096.19,117
pancreatic pp cell,SOD2,P04179-1,reference,1.6267419377614987e-27,1.696555194762471e-21,22.59017232354206,1.3898449393758647,93.11576576576576,ENST00000538183.7,ENSG00000112096.19,68
granulocyte,SOD2,P04179-1,reference,2.4993638190032826e-62,2.6066265166596275e-56,22.506480546522816,2.7970275301631466,93.11576576576576,ENST00000538183.7,ENSG00000112096.19,72
vascular associated smooth muscle cell,SOD2,P04179-1,reference,6.75590210623466e-112,7.045838401025827e-106,22.215430846400437,2.1312128774887835,93.11576576576576,ENST00000538183.7,ENSG00000112096.19,156
paneth cell of epithelium of small intestine,SOD2,P04179-1,reference,2.231823822247582e-35,2.3276047734031592e-29,21.540606066352115,2.466309407627988,93.11576576576576,ENST00000538183.7,ENSG00000112096.19,33
mast cell,SOD2,P04179-1,reference,2.4463216522080424e-270,2.5513079922342027e-264,21.478096863794896,2.416743298055778,93.11576576576576,ENST00000538183.7,ENSG00000112096.19,413
type i nk t cell,SOD2,P04179-1,reference,2.08870570563928e-44,2.1783445997024952e-38,20.887404112285598,2.1357632106706665,93.11576576576576,ENST00000538183.7,ENSG00000112096.19,79
t cell,SOD2,P04179-1,reference,0.0,0.0,20.319021100822496,2.002762014421759,93.11576576576576,ENST00000538183.7,ENSG00000112096.19,735
alveolar fibroblast,AHSA1,O95433-2,isoform,5.62323784799772e-11,5.86456472348239e-05,20.023730197189593,1.945900742514777,81.816875,ENST00000535854.6,ENSG00000100591.8,89
"cd8-positive, alpha-beta t cell",SOD2,P04179-1,reference,0.0,0.0,19.98878884718362,1.8628388066365187,93.11576576576576,ENST00000538183.7,ENSG00000112096.19,1178
classical monocyte,LDHA,P00338-2,isoform,1.6339689960786837e-100,1.7040924095143966e-94,19.509680045565087,1.0339041165155418,86.00675182,ENST00000396222.6,ENSG00000134333.14,639
classical monocyte,VAPA,Q9P0L0-1,reference,1.0518271861178875e-136,1.0969674016373228e-130,19.119305191509454,1.5627312349485132,78.74076305220885,ENST00000400000.7,ENSG00000101558.14,639
neutrophil,EMC10,Q5UCC4-1,reference,6.816778053636503e-31,7.109326900586367e-25,18.965912315599994,1.0302385930802749,78.0975572519084,ENST00000334976.11,ENSG00000161671.17,397
nampt neutrophil,EMC10,Q5UCC4-1,reference,2.8918935013297577e-09,0.0030160020028328254,18.386959281968632,1.3348150817230204,78.0975572519084,ENST00000334976.11,ENSG00000161671.17,70
classical monocyte,SOD2,P04179-1,reference,0.0,0.0,18.281099677549516,2.8535506907077246,93.11576576576576,ENST00000538183.7,ENSG00000112096.19,639
smooth muscle cell,SOD2,P04179-1,reference,2.5619753687259114e-43,2.6719251036501526e-37,17.96870193597785,1.5957865359362247,93.11576576576576,ENST00000538183.7,ENSG00000112096.19,98
lung ciliated cell,SOD2,P04179-1,reference,3.847746362390421e-17,4.012876245278768e-11,17.947072047880212,2.014944272553555,93.11576576576576,ENST00000538183.7,ENSG00000112096.19,35
myeloid progenitor,ATP5F1C,P36542-1,reference,1.835529146191433e-13,1.9143027150293846e-07,17.59229310779324,3.5886234269895407,87.87973154362413,ENST00000356708.12,ENSG00000165629.20,33
epithelial cell of uterus,ATP5F1C,P36542-1,reference,1.2009701485075088e-09,0.0012525109834008571,17.25126244530776,2.4700485746583154,87.87973154362413,ENST00000356708.12,ENSG00000165629.20,50
myeloid cell,SOD2,P04179-1,reference,2.0562922508377124e-18,2.1445400890746636e-12,17.019736438696253,1.8782471569207133,93.11576576576576,ENST00000538183.7,ENSG00000112096.19,58
ciliated cell,SOD2,P04179-1,reference,7.032308467865123e-56,7.334107018072023e-50,16.608837186243413,3.165310027798794,93.11576576576576,ENST00000538183.7,ENSG00000112096.19,55
kidney epithelial cell,KDELR1,P24390-1,reference,8.361364743011911e-16,8.72020107232301e-10,16.448884383849126,1.7335961812998961,92.17627358490566,ENST00000330720.7,ENSG00000105438.9,173
alveolar fibroblast,SOD2,P04179-1,reference,1.8082693393666345e-27,1.885873026334893e-21,16.072606460637985,1.5416369110941701,93.11576576576576,ENST00000538183.7,ENSG00000112096.19,89
monocyte,EIF5A,P63241-2,isoform,1.409944593425425e-96,1.4704537755968704e-90,15.896995843167995,1.8297405081082043,82.78320652,ENST00000336452.11,ENSG00000132507.18,907
bladder urothelial cell,ATP5F1C,P36542-1,reference,4.562887399092458e-23,4.75870827471191e-17,15.588077896048722,1.5137530088674858,87.87973154362413,ENST00000356708.12,ENSG00000165629.20,227
kidney epithelial cell,AHSA1,O95433-2,isoform,4.5440225744472274e-63,4.7390338472522047e-57,15.338953731776279,2.256048447080098,81.816875,ENST00000535854.6,ENSG00000100591.8,173
pancreatic acinar cell,AHSA1,O95433-2,isoform,3.831178954360269e-43,3.9955978303655945e-37,14.524514436579269,1.4995121675784162,81.816875,ENST00000535854.6,ENSG00000100591.8,444
vascular associated smooth muscle cell,TPM1,P09493-7,isoform,1.745180339044537e-85,1.8200764984749725e-79,14.229444037008683,2.2847656044571862,91.69440141,ENST00000267996.11,ENSG00000140416.23,156
myeloid progenitor,ETFB,P38117-1,reference,3.7040446404794196e-08,0.03863007420270234,12.96314263636598,2.464606550389646,96.40050980392157,ENST00000309244.9,ENSG00000105379.10,33
mature nk t cell,SOD2,P04179-1,reference,1.810284358252056e-79,1.8879745217708012e-73,12.79324755546496,2.1773970762188783,93.11576576576576,ENST00000538183.7,ENSG00000112096.19,154
lacrimal gland functional unit cell,ARPC5,O15511-1,reference,1.4285609272950225e-14,1.4898690480508156e-08,12.708501616535983,1.4028966395809275,92.41397350993384,ENST00000359856.11,ENSG00000162704.16,109
pancreatic ductal cell,ATP5F1C,P36542-1,reference,2.5906228615745323e-09,0.002701802032301865,12.644060347409967,1.500428094699764,87.87973154362413,ENST00000356708.12,ENSG00000165629.20,104
granulocyte,VAPA,Q9P0L0-1,reference,7.139351835892326e-21,7.44574425928148e-15,12.625246030544774,1.4479839036172544,78.74076305220885,ENST00000400000.7,ENSG00000101558.14,72
monocyte,LDHA,P00338-2,isoform,2.2730891048671475e-166,2.370640996891626e-160,12.348945589420442,1.4132165302334112,86.00675182,ENST00000396222.6,ENSG00000134333.14,907
cd4-positive alpha-beta t cell,LDHA,P00338-4,isoform,4.655872700058269e-18,4.85568413285397e-12,12.226606898777366,1.0019919807417057,92.06354015,ENST00000430553.6,ENSG00000134333.14,117
plasma cell,ATP5F1C,P36542-1,reference,1.0352900881914491e-58,1.0797205976162733e-52,12.087854541522336,1.4102517010361892,87.87973154362413,ENST00000356708.12,ENSG00000165629.20,809
luminal epithelial cell of mammary gland,AGTRAP,Q6RW13-1,reference,1.4882637911295487e-38,1.5521341199896645e-32,11.976566492006283,1.11239002497218,80.42452830188682,ENST00000314340.10,ENSG00000177674.16,218
plasma cell,SOD2,P04179-1,reference,7.0951376242831e-287,7.399632550566833e-281,11.916016571129186,1.4938075535161703,93.11576576576576,ENST00000538183.7,ENSG00000112096.19,809
type ii pneumocyte,SOD2,P04179-1,reference,5.72354926226947e-198,5.969181102409027e-192,11.847190429386426,2.1163571345182812,93.11576576576576,ENST00000538183.7,ENSG00000112096.19,317
slow muscle cell,C1orf43,Q9BWL3-1,reference,3.602715612095095e-10,0.0003757329755303768,11.81897395969776,1.9389660913296203,73.0493280632411,ENST00000368521.10,ENSG00000143612.21,52
myeloid cell,VAPA,Q9P0L0-1,reference,6.890034607056637e-12,7.18572733225308e-06,11.765852878846921,1.9401190260417012,78.74076305220885,ENST00000400000.7,ENSG00000101558.14,58
hematopoietic stem cell,ATP5F1C,P36542-1,reference,1.725682984796763e-21,1.7997423957723006e-15,11.671289238925997,1.9834372823406135,87.87973154362413,ENST00000356708.12,ENSG00000165629.20,187
monocyte,AGTRAP,Q6RW13-2,isoform,1.898017233620618e-133,1.9794725412186804e-127,11.49182096002903,1.228111983569991,81.20986842,ENST00000376629.8,ENSG00000177674.16,907
neutrophil,SOD2,P04179-1,reference,3.1503622263442036e-183,3.2855631716499915e-177,11.303984187143529,2.9822376745548076,93.11576576576576,ENST00000538183.7,ENSG00000112096.19,397
ciliated cell,CENPM,Q9NSP4-3,isoform,4.036118236706853e-09,0.004209332286953364,11.210720698946016,2.977781938385747,75.27172414,ENST00000472374.6,ENSG00000100162.15,55
"cd4-positive, alpha-beta memory t cell",ATP5F1C,P36542-1,reference,3.19837455592746e-17,3.335635998369643e-11,10.974239373506,1.0318557145760388,87.87973154362413,ENST00000356708.12,ENSG00000165629.20,402
fibroblast of cardiac tissue,SOD2,P04179-1,reference,2.163548048687549e-29,2.2563988767450238e-23,10.92695276806459,2.246364084532164,93.11576576576576,ENST00000538183.7,ENSG00000112096.19,49
intestinal crypt stem cell,SOD2,P04179-1,reference,4.8797432690164953e-48,5.089162331149607e-42,10.662722760959118,1.8535610760076018,93.11576576576576,ENST00000538183.7,ENSG00000112096.19,74
naive b cell,AHSA1,O95433-2,isoform,1.1618487262733023e-40,1.2117106262100473e-34,10.545353635299097,1.3648483467832215,81.816875,ENST00000535854.6,ENSG00000100591.8,262
vein endothelial cell,SOD2,P04179-1,reference,6.209769204444993e-90,6.476267659622954e-84,10.358118330508095,2.203114615424572,93.11576576576576,ENST00000538183.7,ENSG00000112096.19,207
smooth muscle cell,TPM1,P09493-7,isoform,1.0730560547680132e-36,1.1191073284144373e-30,10.283750526949037,2.027441479177843,91.69440141,ENST00000267996.11,ENSG00000140416.23,98
pancreatic acinar cell,VAPA,Q9P0L0-1,reference,1.0695599491710812e-67,1.1154611839497073e-61,10.264078832749481,1.9050175992143008,78.74076305220885,ENST00000400000.7,ENSG00000101558.14,444
immature enterocyte,ETFB,P38117-1,reference,7.221143807024139e-16,7.531046414646387e-10,10.262049097762466,2.6325567997074577,96.40050980392157,ENST00000309244.9,ENSG00000105379.10,44
pancreatic ductal cell,SOD2,P04179-1,reference,1.3496804604007544e-34,1.407603347039313e-28,10.132124720052655,1.8995965355352344,93.11576576576576,ENST00000538183.7,ENSG00000112096.19,104
intestinal crypt stem cell,ATP5F1C,P36542-1,reference,1.2846035891944994e-31,1.3397336368283706e-25,10.03392390206706,3.7284710998490627,87.87973154362413,ENST00000356708.12,ENSG00000165629.20,74
type ii pneumocyte,ATP5F1C,P36542-1,reference,4.3568662633930626e-52,4.543845535952839e-46,10.0023858155195,2.3020195777242782,87.87973154362413,ENST00000356708.12,ENSG00000165629.20,317
capillary endothelial cell,SOD2,P04179-1,reference,8.458745835838316e-275,8.821761372129153e-269,9.982643310895158,2.238459280738469,93.11576576576576,ENST00000538183.7,ENSG00000112096.19,679
slow muscle cell,LDHA,P00338-4,isoform,2.559732670527906e-10,0.0002669586157816282,9.826346631777907,1.4012284959905978,92.06354015,ENST00000430553.6,ENSG00000134333.14,52
epithelial cell,ATP5F1C,P36542-1,reference,2.230721454219584e-70,2.3264550961488717e-64,9.702634055144188,2.6667495291819083,87.87973154362413,ENST00000356708.12,ENSG00000165629.20,418
immature enterocyte,SOD2,P04179-1,reference,1.6883640048237304e-32,1.7608218344547455e-26,9.642205273318162,1.9251480435475001,93.11576576576576,ENST00000538183.7,ENSG00000112096.19,44
pancreatic ductal cell,TPM1,P09493-3,isoform,4.928132976075837e-21,5.139628730877108e-15,9.108323010173951,1.1993727604076896,91.59147887,ENST00000358278.7,ENSG00000140416.23,104
basal cell,ATP5F1C,P36542-1,reference,2.1695032571206027e-94,2.2626096589031904e-88,8.879600732043976,1.777375151496568,87.87973154362413,ENST00000356708.12,ENSG00000165629.20,1073
respiratory goblet cell,SOD2,P04179-1,reference,6.133889907816883e-13,6.397131927100752e-07,8.756508039284425,2.177004402582324,93.11576576576576,ENST00000538183.7,ENSG00000112096.19,32
lacrimal gland functional unit cell,ETFB,P38117-2,isoform,2.1581712656487533e-14,2.2507913436853352e-08,8.571404704387014,1.6725685484511894,75.92736994,ENST00000354232.8,ENSG00000105379.10,109
pericyte cell,TPM1,P09493-7,isoform,2.1087753159170182e-70,2.199275517374913e-64,8.494223930455993,1.1552961952632983,91.69440141,ENST00000267996.11,ENSG00000140416.23,405
erythroid progenitor,ATP5F1C,P36542-1,reference,4.4914117726746065e-14,4.68416520031071e-08,8.479551170027273,2.4860330533310355,87.87973154362413,ENST00000356708.12,ENSG00000165629.20,87
epithelial cell,AIF1L,Q9BQI0-1,reference,1.4331294958420636e-65,1.4946336812856216e-59,8.452543185108857,1.6098421237616665,83.69899999999996,ENST00000247291.8,ENSG00000126878.13,418
hematopoietic stem cell,SOD2,P04179-1,reference,5.9614921685570404e-105,6.2173355664628345e-99,8.36241794288997,2.4773033882697018,93.11576576576576,ENST00000538183.7,ENSG00000112096.19,187
vascular associated smooth muscle cell,LDHA,P00338-4,isoform,1.337327361890132e-22,1.394720102953009e-16,8.203615573808046,1.0818690785567513,92.06354015,ENST00000430553.6,ENSG00000134333.14,156
vascular associated smooth muscle cell,AHSA1,O95433-2,isoform,7.846117083670322e-29,8.182841044433117e-23,8.08476130615778,1.4572293918708075,81.816875,ENST00000535854.6,ENSG00000100591.8,156
adventitial cell,COPZ1,P61923-1,reference,1.005143600805499e-54,1.048280343577668e-48,8.078793827085141,1.2652123577341936,89.38463276836163,ENST00000262061.7,ENSG00000111481.10,418
immune cell,SOD2,P04179-1,reference,3.035627873878595e-151,3.165904879713969e-145,7.991664914644825,1.8380967104875778,93.11576576576576,ENST00000538183.7,ENSG00000112096.19,495
lacrimal gland functional unit cell,KDELR1,P24390-2,isoform,2.6584493649217676e-11,2.7725393778667503e-05,7.93656134777763,1.3307434919444936,93.66986667,ENST00000597017.5,ENSG00000105438.9,109
myeloid cell,AHSA1,O95433-2,isoform,2.613514143468366e-08,0.027256757164494546,7.8879867786687194,1.9066514494021283,81.816875,ENST00000535854.6,ENSG00000100591.8,58
epithelial cell,ETFB,P38117-1,reference,1.4113838698079594e-28,1.4719548199646378e-22,7.886592267801521,1.258655482940694,96.40050980392157,ENST00000309244.9,ENSG00000105379.10,418
cd8-positive alpha-beta t cell,MYL6,P60660-2,isoform,1.4082291196903449e-12,1.4686646805909757e-06,7.76394809801257,4.221262845462867,93.93437086,ENST00000547649.5,ENSG00000092841.19,54
kidney epithelial cell,AIF1L,Q9BQI0-4,isoform,1.815914109007117e-25,1.8938458789092664e-19,7.6527133157031635,1.4615118414962218,86.58637255,ENST00000372300.5,ENSG00000126878.13,173
classical monocyte,EIF5A,P63241-2,isoform,5.344268606199518e-44,5.573623237703176e-38,7.643906214533754,1.5300560494535331,82.78320652,ENST00000336452.11,ENSG00000132507.18,639
microglial cell,SOD2,P04179-1,reference,3.090109224186919e-16,3.222724351652125e-10,7.598792075686602,2.091026816139587,93.11576576576576,ENST00000538183.7,ENSG00000112096.19,46
regulatory t cell,LDHA,P00338-4,isoform,7.993183508565351e-11,8.336218972018942e-05,7.530980475487178,1.3361117956984216,92.06354015,ENST00000430553.6,ENSG00000134333.14,66
goblet cell,AHSA1,O95433-2,isoform,2.012517725746769e-23,2.0988869364649174e-17,7.436048234024997,1.310481920216567,81.816875,ENST00000535854.6,ENSG00000100591.8,119
granulocyte,LDHA,P00338-2,isoform,3.1823724238663103e-15,3.3189471188089567e-09,7.371920826406474,1.693766954274505,86.00675182,ENST00000396222.6,ENSG00000134333.14,72
pericyte cell,SOD2,P04179-1,reference,6.3189428423193456e-121,6.590126593340323e-115,7.337835198847262,1.844769299936003,93.11576576576576,ENST00000538183.7,ENSG00000112096.19,405
fibroblast of cardiac tissue,TPM3,P06753-5,isoform,3.4538726059618412e-12,3.6020990027192997e-06,7.3255199797262405,1.2116542349314934,92.73919355,ENST00000330188.13,ENSG00000143549.21,49
type ii pneumocyte,COPZ1,P61923-1,reference,8.378686451486464e-60,8.738266159238457e-54,7.282323287258762,1.524326252655205,89.38463276836163,ENST00000262061.7,ENSG00000111481.10,317
basal cell of prostate epithelium,SOD2,P04179-1,reference,5.469009470560572e-30,5.70371748099915e-24,6.969877835118592,2.5780543956038446,93.11576576576576,ENST00000538183.7,ENSG00000112096.19,55
immune cell,LDHA,P00338-2,isoform,1.1928254294286438e-51,1.2440167255580035e-45,6.955469623985889,1.0674441384726001,86.00675182,ENST00000396222.6,ENSG00000134333.14,495
lacrimal gland functional unit cell,CNBP,P62633-1,reference,4.717709433248207e-26,4.920174651285487e-20,6.883559267536458,1.0325448574450546,70.63548022598869,ENST00000422453.7,ENSG00000169714.17,109
type ii pneumocyte,EIF5A,P63241-1,reference,9.198180302230855e-49,9.592929408081394e-43,6.661752767200693,3.3459730238681193,88.36525974025969,ENST00000336458.13,ENSG00000132507.18,317
adventitial cell,SOD2,P04179-1,reference,2.5001701626549613e-194,2.6074674653554617e-188,6.660006352443389,2.510893993453895,93.11576576576576,ENST00000538183.7,ENSG00000112096.19,418
myeloid progenitor,LDHA,P00338-4,isoform,9.659206848007087e-09,0.010073741369096159,6.620842321271752,1.5327972688537237,92.06354015,ENST00000430553.6,ENSG00000134333.14,33
intestinal crypt stem cell,COPZ1,P61923-1,reference,5.451963033984289e-14,5.685939479550759e-08,6.619476363791713,1.8092064781476715,89.38463276836163,ENST00000262061.7,ENSG00000111481.10,74
alveolar fibroblast,GPM6B,Q13491-2,isoform,7.186332147536158e-11,7.49474077797982e-05,6.596789388004879,1.2932738149426668,82.62768293,ENST00000454189.6,ENSG00000046653.15,89
erythroid progenitor,CENPM,Q9NSP4-1,reference,3.50040232389266e-08,0.03650625590024837,6.514244417369104,1.2226724338033679,89.59850000000002,ENST00000215980.10,ENSG00000100162.15,87
cardiac endothelial cell,TPM3,P06753-5,isoform,1.2923837604633963e-28,1.3478477019274434e-22,6.44915698801945,1.6929416428142618,92.73919355,ENST00000330188.13,ENSG00000143549.21,108
intestinal crypt stem cell,EIF5A,P63241-1,reference,6.482666428882105e-19,6.760876541344009e-13,6.419525566132077,4.116556568587874,88.36525974025969,ENST00000336458.13,ENSG00000132507.18,74
kidney epithelial cell,TPM3,P06753-5,isoform,8.235816621287425e-28,8.589264927406596e-22,6.419197536839111,1.0702725497205932,92.73919355,ENST00000330188.13,ENSG00000143549.21,173
epithelial cell,CRYZ,Q08257-1,reference,5.114702713788957e-31,5.334205295453924e-25,6.3999619999667,1.107191223233949,96.93787234042556,ENST00000340866.10,ENSG00000116791.14,418
cd4-positive alpha-beta t cell,MYL6,P60660-2,isoform,6.123892810560683e-16,6.386705794418706e-10,6.26784843195708,3.20848604250462,93.93437086,ENST00000547649.5,ENSG00000092841.19,117
epithelial cell,TPM3,P06753-5,isoform,1.288764419311806e-108,1.3440730331309914e-102,6.236156096041045,1.7262547545237186,92.73919355,ENST00000330188.13,ENSG00000143549.21,418
fast muscle cell,LDHA,P00338-4,isoform,6.521568423350241e-19,6.80144805380674e-13,6.216607618182702,2.2793948146112704,92.06354015,ENST00000430553.6,ENSG00000134333.14,85
kidney epithelial cell,ATP5F1C,P36542-1,reference,1.6907803976481617e-09,0.0017633419291936301,6.2123001913071585,1.4915870107691143,87.87973154362413,ENST00000356708.12,ENSG00000165629.20,173
pancreatic pp cell,TSPAN3,O60637-3,isoform,4.245444130334842e-09,0.004427641610632292,6.09094524998304,1.244828751498146,87.21306878,ENST00000424443.7,ENSG00000140391.15,68
myofibroblast cell,RPL28,P46779-3,isoform,1.4496339905156105e-10,0.00015118464828525784,6.041031526525214,2.230672933894881,77.24816568,ENST00000558815.5,ENSG00000108107.15,34
muscle cell,LDHA,P00338-4,isoform,6.58004960225981e-10,0.0006862439010990391,6.021952629439549,1.4815430434099173,92.06354015,ENST00000430553.6,ENSG00000134333.14,35
hepatocyte,SOD2,P04179-1,reference,1.396616309782299e-10,0.00014565534953329162,5.9844057485627475,1.7182047583213615,93.11576576576576,ENST00000538183.7,ENSG00000112096.19,56
luminal epithelial cell of mammary gland,KDELR1,P24390-1,reference,6.846906559010588e-14,7.140748400897087e-08,5.976889347658956,1.367162255874081,92.17627358490566,ENST00000330720.7,ENSG00000105438.9,218
intestinal crypt stem cell,RAB1A,P62820-1,reference,1.9284732830564945e-16,2.011235642472147e-10,5.9685512599586374,1.5152335035733873,84.52258536585369,ENST00000409784.8,ENSG00000138069.18,74
endothelial cell of vascular tree,LDHA,P00338-4,isoform,1.6654086611431973e-118,1.7368813392448186e-112,5.934473883218586,1.6533030023705533,92.06354015,ENST00000430553.6,ENSG00000134333.14,735
adventitial cell,EIF5A,P63241-1,reference,2.559303267538999e-58,2.669138326568703e-52,5.9025228081991585,3.5899405747774376,88.36525974025969,ENST00000336458.13,ENSG00000132507.18,418
luminal epithelial cell of mammary gland,ATP5F1C,P36542-1,reference,1.5935030060458587e-13,1.6618897810533229e-07,5.901056579061338,1.404591730052949,87.87973154362413,ENST00000356708.12,ENSG00000165629.20,218
kidney epithelial cell,LDHA,P00338-2,isoform,4.558205094181439e-22,4.753825024003329e-16,5.868780172493871,1.473170334358419,86.00675182,ENST00000396222.6,ENSG00000134333.14,173
endothelial cell of vascular tree,TPM3,P06753-5,isoform,3.26e-322,3.4007752e-316,5.863730884661184,2.808377005578336,92.73919355,ENST00000330188.13,ENSG00000143549.21,735
endothelial cell of lymphatic vessel,SOD2,P04179-1,reference,2.8689565572390573e-25,2.9920806968495285e-19,5.850018550972513,1.8296823871234624,93.11576576576576,ENST00000538183.7,ENSG00000112096.19,106
intestinal crypt stem cell,ETFB,P38117-1,reference,1.2923382094497736e-19,1.3478001960465202e-13,5.848229950428955,2.572238519248865,96.40050980392157,ENST00000309244.9,ENSG00000105379.10,74
bladder urothelial cell,EIF5A,P63241-1,reference,2.5356898720471243e-17,2.6445115385958988e-11,5.773546483874813,2.0573287444076103,88.36525974025969,ENST00000336458.13,ENSG00000132507.18,227
erythroid progenitor,SOD2,P04179-1,reference,3.251261485603975e-29,3.390792623520155e-23,5.720222387925497,1.8643225542859363,93.11576576576576,ENST00000538183.7,ENSG00000112096.19,87
type ii pneumocyte,TPM3,P06753-5,isoform,2.48797972352861e-102,2.5947538613435635e-96,5.687565488736247,1.723594790027184,92.73919355,ENST00000330188.13,ENSG00000143549.21,317
vein endothelial cell,LDHA,P00338-4,isoform,2.219699200276045e-21,2.314959811155092e-15,5.664779419446764,1.141678327288808,92.06354015,ENST00000430553.6,ENSG00000134333.14,207
macrophage,TPM3,P06753-5,isoform,0.0,0.0,5.616701989779209,1.9090794048312536,92.73919355,ENST00000330188.13,ENSG00000143549.21,1557
endothelial cell of artery,SOD2,P04179-1,reference,7.891853598720685e-12,8.230540387763382e-06,5.585516320502084,1.911376764401226,93.11576576576576,ENST00000538183.7,ENSG00000112096.19,41
macrophage,SOD2,P04179-1,reference,0.0,0.0,5.525105769603563,2.7450178867267185,93.11576576576576,ENST00000538183.7,ENSG00000112096.19,1557
basal cell,ETFB,P38117-1,reference,4.105619084904165e-71,4.2818158335519125e-65,5.513422253740413,1.4496496646870098,96.40050980392157,ENST00000309244.9,ENSG00000105379.10,1073
myeloid progenitor,TPM3,P06753-5,isoform,1.594445541840984e-18,1.6628727667146316e-12,5.498147592171818,2.872482792897144,92.73919355,ENST00000330188.13,ENSG00000143549.21,33
bladder urothelial cell,SOD2,P04179-1,reference,7.662342623044321e-55,7.99117971905489e-49,5.494105183120008,1.693118886113548,93.11576576576576,ENST00000538183.7,ENSG00000112096.19,227
immature enterocyte,TPM3,P06753-5,isoform,7.957797768927395e-28,8.299314617978682e-22,5.469418409248915,2.8565340586475556,92.73919355,ENST00000330188.13,ENSG00000143549.21,44
epithelial cell of uterus,TPM3,P06753-5,isoform,1.1791439196800879e-15,1.2297480601370786e-09,5.467908224837581,2.001311297770476,92.73919355,ENST00000330188.13,ENSG00000143549.21,50
adventitial cell,ATP5F1C,P36542-2,isoform,2.4163253399052955e-23,2.520024358192671e-17,5.467715198759455,1.4052825249980074,87.69457912,ENST00000335698.4,ENSG00000165629.20,418
kidney epithelial cell,TSPAN3,O60637-3,isoform,7.375400776680338e-13,7.691923476412351e-07,5.432100487671099,1.1222441051849366,87.21306878,ENST00000424443.7,ENSG00000140391.15,173
immature enterocyte,EIF5A,P63241-1,reference,1.357834296281775e-10,0.00014161071129410038,5.419025350873661,4.321098969444628,88.36525974025969,ENST00000336458.13,ENSG00000132507.18,44
cd1c-positive myeloid dendritic cell,TPM3,P06753-5,isoform,1.7002327056901869e-16,1.773199892487587e-10,5.410017781977925,2.2888122400250652,92.73919355,ENST00000330188.13,ENSG00000143549.21,43
microglial cell,TPM3,P06753-5,isoform,3.1847872819871165e-12,3.3214656129808757e-06,5.40309235424174,1.788184952988111,92.73919355,ENST00000330188.13,ENSG00000143549.21,46
erythroid progenitor,TPM3,P06753-5,isoform,9.703739281962237e-31,1.0120184956986927e-24,5.34143593238958,2.253005498228078,92.73919355,ENST00000330188.13,ENSG00000143549.21,87
type ii pneumocyte,ETFB,P38117-1,reference,1.3145372482219714e-38,1.3709519287666654e-32,5.331550651637378,1.818944848018774,96.40050980392157,ENST00000309244.9,ENSG00000105379.10,317
luminal epithelial cell of mammary gland,RAB1A,P62820-3,isoform,1.5265825956177072e-32,1.5920974142912368e-26,5.322911434025963,1.5873825921298175,70.40782946,ENST00000398529.7,ENSG00000138069.18,218
luminal epithelial cell of mammary gland,TPM3,P06753-5,isoform,1.7087834968657236e-39,1.782117649417213e-33,5.322381969163992,1.1670155122963868,92.73919355,ENST00000330188.13,ENSG00000143549.21,218
hematopoietic stem cell,TPM3,P06753-5,isoform,3.556952239989049e-66,3.709602402320419e-60,5.224991955398843,2.2702078311299734,92.73919355,ENST00000330188.13,ENSG00000143549.21,187
granulocyte,RPL28,P46779-2,isoform,6.532242794313934e-34,6.812580526074711e-28,5.204399688663894,3.243201000218884,77.06699387,ENST00000560583.5,ENSG00000108107.15,72
fibroblast,LDHA,P00338-4,isoform,1.638878435372673e-126,1.7092125423051266e-120,5.203671963343517,1.436605745009987,92.06354015,ENST00000430553.6,ENSG00000134333.14,1109
fibroblast of cardiac tissue,MYL6,P60660-1,reference,7.171423221169725e-09,0.007479192020129445,5.187436610808728,4.426100654500951,95.2643046357616,ENST00000550697.6,ENSG00000092841.19,49
memory b cell,MYL6,P60660-2,isoform,6.4496262287740726e-136,6.726418388008141e-130,5.1684882718678455,3.497628072160938,93.93437086,ENST00000547649.5,ENSG00000092841.19,1094
mesenchymal stem cell,ATP5F1C,P36542-2,isoform,2.7934961434524555e-46,2.9133818239448613e-40,5.145112818659748,1.047716650066577,87.69457912,ENST00000335698.4,ENSG00000165629.20,1423
immune cell,AHSA1,O95433-2,isoform,5.319698868861356e-53,5.54799906551741e-47,5.092770808101312,1.1681494142954516,81.816875,ENST00000535854.6,ENSG00000100591.8,495
classical monocyte,RPL28,P46779-2,isoform,3.4866744946889943e-95,3.636308617303067e-89,5.0406115958817725,1.4480034950445169,77.06699387,ENST00000560583.5,ENSG00000108107.15,639
intestinal crypt stem cell,TPM3,P06753-5,isoform,2.8399341795197567e-34,2.9618127947680264e-28,5.000436309415076,2.309137745933341,92.73919355,ENST00000330188.13,ENSG00000143549.21,74
monocyte,TPM3,P06753-5,isoform,5.974031283466276e-168,6.230412810027515e-162,4.993050175986797,1.4269332445269496,92.73919355,ENST00000330188.13,ENSG00000143549.21,907
epithelial cell,C1orf43,Q9BWL3-1,reference,4.3826376599802904e-41,4.5707229377960043e-35,4.9828054022597446,1.5184138436215522,73.0493280632411,ENST00000368521.10,ENSG00000143612.21,418
granulocyte,EIF5A,P63241-2,isoform,1.6175279146723393e-09,0.0016869457426584174,4.981292987443585,2.641832097703265,82.78320652,ENST00000336452.11,ENSG00000132507.18,72
skeletal muscle satellite stem cell,GPM6B,Q13491-3,isoform,1.2714906632385203e-74,1.3260579565420647e-68,4.940012100517336,1.465259927045074,74.78501639,ENST00000355135.6,ENSG00000046653.15,611
endothelial cell of artery,TPM3,P06753-5,isoform,6.362256449763736e-12,6.6352990475617966e-06,4.929663014202278,2.2369263349859136,92.73919355,ENST00000330188.13,ENSG00000143549.21,41
pancreatic ductal cell,RPL28,P46779-3,isoform,3.098804755011469e-16,3.231793059877541e-10,4.922022586270996,1.2174722049696816,77.24816568,ENST00000558815.5,ENSG00000108107.15,104
luminal epithelial cell of mammary gland,LDHA,P00338-4,isoform,3.953398597474125e-48,4.123062651683325e-42,4.920402808637988,2.2441863614749002,92.06354015,ENST00000430553.6,ENSG00000134333.14,218
endothelial cell,TPM3,P06753-5,isoform,7.651133321323527e-147,7.979489358941448e-141,4.911671320968671,2.3112651616057094,92.73919355,ENST00000330188.13,ENSG00000143549.21,603
plasma cell,TPM3,P06753-5,isoform,3.854601575348917e-106,4.020025656556591e-100,4.889080719545803,1.0283574647540559,92.73919355,ENST00000330188.13,ENSG00000143549.21,809
endothelial cell of vascular tree,RCAN1,P53805-2,isoform,1.4189424291311022e-136,1.4798377624196925e-130,4.878585790503456,2.912248860668749,82.71233503,ENST00000381132.6,ENSG00000159200.18,735
fibroblast,RPL28,P46779-3,isoform,0.0,0.0,4.873805793364877,2.769978989080273,77.24816568,ENST00000558815.5,ENSG00000108107.15,1109
erythroid progenitor,ETFB,P38117-1,reference,1.6316621238283485e-09,0.001701686535534566,4.8264805409735985,1.7351345272794103,96.40050980392157,ENST00000309244.9,ENSG00000105379.10,87
fibroblast,TPM3,P06753-5,isoform,4.555991998034897e-171,4.751516950622563e-165,4.805422291529363,1.233394566698523,92.73919355,ENST00000330188.13,ENSG00000143549.21,1109
macrophage,PLTP,P55058-4,isoform,9.976819035573052e-198,1.0404984201303705e-191,4.772531082459341,2.2244087510458144,89.85516049,ENST00000372420.5,ENSG00000100979.15,1557
mesenchymal stem cell,RPL28,P46779-3,isoform,0.0,0.0,4.7677423013957245,2.5434171178333465,77.24816568,ENST00000558815.5,ENSG00000108107.15,1423
capillary endothelial cell,RCAN1,P53805-2,isoform,1.9150717221027723e-38,1.997258940128535e-32,4.74688147271422,1.1218128119694872,82.71233503,ENST00000381132.6,ENSG00000159200.18,679
bladder urothelial cell,TPM3,P06753-5,isoform,3.554052221839126e-52,3.706577926991574e-46,4.734372603774735,1.5546363213619323,92.73919355,ENST00000330188.13,ENSG00000143549.21,227
erythroid progenitor,EIF5A,P63241-1,reference,7.35573820973783e-12,7.671417070746938e-06,4.733811858617399,3.4899661512256177,88.36525974025969,ENST00000336458.13,ENSG00000132507.18,87
pericyte cell,RPL28,P46779-3,isoform,5.920296700297339e-61,6.1743721534872994e-55,4.681925911865662,1.5185557292122005,77.24816568,ENST00000558815.5,ENSG00000108107.15,405
tendon cell,RPL28,P46779-3,isoform,1.9029110619293746e-08,0.019845763930631356,4.6546403981111455,1.3478230628988135,77.24816568,ENST00000558815.5,ENSG00000108107.15,55
intestinal crypt stem cell,RPL28,P46779-3,isoform,7.593630672217295e-60,7.919518926146172e-54,4.635047526324342,3.2195480939874197,77.24816568,ENST00000558815.5,ENSG00000108107.15,74
type i nk t cell,TPM3,P06753-5,isoform,1.1618464999182773e-11,1.2117083043087702e-05,4.633392181897299,1.3394787785365057,92.73919355,ENST00000330188.13,ENSG00000143549.21,79
skeletal muscle satellite stem cell,RPL28,P46779-3,isoform,1.886647015198911e-134,1.9676143585031876e-128,4.623124249214593,2.1572088995359406,77.24816568,ENST00000558815.5,ENSG00000108107.15,611
epithelial cell,RPL28,P46779-3,isoform,2.934176955548117e-169,3.06010009377242e-163,4.600633554550049,2.750142614661049,77.24816568,ENST00000558815.5,ENSG00000108107.15,418
capillary endothelial cell,TPM3,P06753-5,isoform,2.814183041730877e-115,2.9349565211497995e-109,4.585392666356801,1.5966944673973062,92.73919355,ENST00000330188.13,ENSG00000143549.21,679
adventitial cell,ETFB,P38117-1,reference,2.024860842243722e-28,2.1117597701494538e-22,4.5769424416779545,1.4917119090952782,96.40050980392157,ENST00000309244.9,ENSG00000105379.10,418
fast muscle cell,RPL28,P46779-3,isoform,8.647623396482261e-11,9.018744802165693e-05,4.574085747546971,1.264535740002348,77.24816568,ENST00000558815.5,ENSG00000108107.15,85
tendon cell,SOD2,P04179-1,reference,1.726841305057289e-12,1.8009504265051276e-06,4.5124848107395,1.9637351680102992,93.11576576576576,ENST00000538183.7,ENSG00000112096.19,55
classical monocyte,TPM3,P06753-5,isoform,9.773913964603594e-86,1.0193371256308522e-79,4.473039091942355,1.2818229769887015,92.73919355,ENST00000330188.13,ENSG00000143549.21,639
bladder urothelial cell,RPL28,P46779-3,isoform,1.892432841929076e-57,1.9736484897733043e-51,4.45897973474756,2.1818029511597175,77.24816568,ENST00000558815.5,ENSG00000108107.15,227
dendritic cell,TPM3,P06753-5,isoform,1.7960151247335054e-13,1.8730929098265684e-07,4.451710954482424,1.887259720912848,92.73919355,ENST00000330188.13,ENSG00000143549.21,68
adventitial cell,TPM3,P06753-5,isoform,1.5919228716930253e-72,1.6602418336546033e-66,4.441201134283906,1.510842200869485,92.73919355,ENST00000330188.13,ENSG00000143549.21,418
endothelial cell of lymphatic vessel,RPL28,P46779-3,isoform,9.683216776456599e-20,1.009878170763501e-13,4.437505135225532,1.776899319406576,77.24816568,ENST00000558815.5,ENSG00000108107.15,106
muscle cell,RPL28,P46779-3,isoform,9.715035606705391e-17,1.013196607480276e-10,4.432331929589336,3.1556027078497544,77.24816568,ENST00000558815.5,ENSG00000108107.15,35
fibroblast,KDELR1,P24390-1,reference,5.5866630740490965e-62,5.826420306534987e-56,4.409231779875675,1.6421079237758944,92.17627358490566,ENST00000330720.7,ENSG00000105438.9,1109
basal cell,SOD2,P04179-1,reference,7.263686629892442e-126,7.575415005300907e-120,4.403460710667545,1.1756448287817305,93.11576576576576,ENST00000538183.7,ENSG00000112096.19,1073
kidney epithelial cell,VAPA,Q9P0L0-1,reference,6.240939563554076e-37,6.5087757258635624e-31,4.388326595953384,2.4445028424717976,78.74076305220885,ENST00000400000.7,ENSG00000101558.14,173
endothelial cell of lymphatic vessel,TPM3,P06753-5,isoform,2.3086204128712813e-15,2.4076971665100653e-09,4.388178039800974,1.3010554247833337,92.73919355,ENST00000330188.13,ENSG00000143549.21,106
monocyte,RPL28,P46779-2,isoform,2.495862816007772e-142,2.6029752646195616e-136,4.38751603844722,1.7116697517636021,77.06699387,ENST00000560583.5,ENSG00000108107.15,907
vein endothelial cell,TPM3,P06753-5,isoform,1.317194720132947e-51,1.3737234487421725e-45,4.382194904119122,2.2809568145359647,92.73919355,ENST00000330188.13,ENSG00000143549.21,207
respiratory goblet cell,TPM3,P06753-5,isoform,4.1326787890545604e-08,0.04310036831965626,4.371897182619477,1.6811500109265483,92.73919355,ENST00000330188.13,ENSG00000143549.21,32
"cd8-positive, alpha-beta t cell",TPM3,P06753-5,isoform,2.841138452234046e-166,2.963068750050122e-160,4.349945279901215,1.5909201592444626,92.73919355,ENST00000330188.13,ENSG00000143549.21,1178
type i nk t cell,RPL28,P46779-3,isoform,2.1882963859021205e-20,2.282209313599496e-14,4.310831473663519,2.4445448401392524,77.24816568,ENST00000558815.5,ENSG00000108107.15,79
plasma cell,RPL28,P46779-3,isoform,6.6801607820121494e-223,6.966846562132983e-217,4.308992759828229,2.29380107596066,77.24816568,ENST00000558815.5,ENSG00000108107.15,809
smooth muscle cell,RPL28,P46779-3,isoform,1.8899185673375823e-14,1.971026312573442e-08,4.308818837240871,1.4043441329557433,77.24816568,ENST00000558815.5,ENSG00000108107.15,98
immature enterocyte,RAB1A,P62820-1,reference,1.7514451434241703e-08,0.01826610163199362,4.3037746497135325,1.6399009965689466,84.52258536585369,ENST00000409784.8,ENSG00000138069.18,44
t cell,TPM3,P06753-5,isoform,1.1147198474282104e-79,1.1625591644004396e-73,4.301898346720017,1.2304071550593785,92.73919355,ENST00000330188.13,ENSG00000143549.21,735
immature enterocyte,TSPAN3,O60637-2,isoform,1.3359114420640333e-13,1.3932434175116534e-07,4.268454666556603,2.3692200566727033,73.79171053,ENST00000346495.6,ENSG00000140391.15,44
mesenchymal stem cell,LDHA,P00338-4,isoform,1.695736621525292e-115,1.7685108543746715e-109,4.2661355164275845,1.185171744323965,92.06354015,ENST00000430553.6,ENSG00000134333.14,1423
mast cell,TPM3,P06753-5,isoform,5.810534702664135e-72,6.059899609963669e-66,4.2580180825103255,1.7135918142493336,92.73919355,ENST00000330188.13,ENSG00000143549.21,413
type ii pneumocyte,RPL28,P46779-3,isoform,8.99986752275231e-134,9.38610583735875e-128,4.244534833489168,2.8409672256009473,77.24816568,ENST00000558815.5,ENSG00000108107.15,317
type ii pneumocyte,ATP6V1E1,P36543-1,reference,4.67100995455585e-24,4.871471017765568e-18,4.231288982963803,1.0000417852944972,94.68212389380535,ENST00000253413.10,ENSG00000131100.13,317
vein endothelial cell,AHSA1,O95433-2,isoform,1.7256513830759458e-16,1.799709437832033e-10,4.227249815703066,1.4320194964866377,81.816875,ENST00000535854.6,ENSG00000100591.8,207
mature nk t cell,TPM3,P06753-5,isoform,4.931689809244403e-43,5.143338209097935e-37,4.220570504623999,2.7109670084287605,92.73919355,ENST00000330188.13,ENSG00000143549.21,154
epithelial cell of uterus,RPL28,P46779-3,isoform,5.115030081592472e-21,5.334546712574095e-15,4.213770733461353,2.8511062082036274,77.24816568,ENST00000558815.5,ENSG00000108107.15,50
"cd4-positive, alpha-beta t cell",TPM3,P06753-5,isoform,1.8992286231746012e-188,1.9807359187667625e-182,4.182661536508858,2.0016124124047563,92.73919355,ENST00000330188.13,ENSG00000143549.21,1094
granulocyte,TPM3,P06753-5,isoform,6.121497117901176e-17,6.384207288213022e-11,4.17794181774173,1.7241557821452735,92.73919355,ENST00000330188.13,ENSG00000143549.21,72
mature nk t cell,RPL28,P46779-3,isoform,1.5151552039093086e-44,1.5801796046402806e-38,4.176997808429821,2.7190519311376353,77.24816568,ENST00000558815.5,ENSG00000108107.15,154
naive b cell,MYL6,P60660-2,isoform,1.0154225920705607e-15,1.0590004680318608e-09,4.168947735452005,2.3874667018280995,93.93437086,ENST00000547649.5,ENSG00000092841.19,262
"naive thymus-derived cd8-positive, alpha-beta t cell",TPM3,P06753-5,isoform,6.100977361437784e-11,6.362806905881248e-05,4.159282949611507,2.1825323534206458,92.73919355,ENST00000330188.13,ENSG00000143549.21,43
t cell,RPL28,P46779-3,isoform,3.392151233010446e-188,3.5377287953263225e-182,4.150870364377032,2.905115619227147,77.24816568,ENST00000558815.5,ENSG00000108107.15,735
endothelial cell,RPL28,P46779-3,isoform,5.482270678101481e-82,5.717547806522884e-76,4.134716067749263,1.5010136698149474,77.24816568,ENST00000558815.5,ENSG00000108107.15,603
innate lymphoid cell,RPL28,P46779-3,isoform,4.269910624856325e-142,4.453158109232659e-136,4.118112671074645,2.9529071934117956,77.24816568,ENST00000558815.5,ENSG00000108107.15,517
capillary aerocyte,CNBP,P62633-2,isoform,1.3447877774262083e-10,0.00014025006896822313,4.097657751241923,3.0761684719112417,72.23064706,ENST00000502976.5,ENSG00000169714.17,38
cd4-positive alpha-beta t cell,AHSA1,O95433-2,isoform,3.064836599073068e-12,3.1963671265588876e-06,4.091076033440715,1.333596470518928,81.816875,ENST00000535854.6,ENSG00000100591.8,117
"cd8-positive, alpha-beta memory t cell",TPM3,P06753-5,isoform,3.076351228880083e-88,3.2083759182187004e-82,4.090525878019303,2.0060265829658217,92.73919355,ENST00000330188.13,ENSG00000143549.21,491
vein endothelial cell,RPL28,P46779-3,isoform,4.298580947233804e-45,4.48305884716529e-39,4.081706470929473,2.126074861506296,77.24816568,ENST00000558815.5,ENSG00000108107.15,207
"cd8-positive, alpha-beta memory t cell",RPL28,P46779-3,isoform,9.084044158155201e-144,9.47389499724659e-138,4.073281245057208,2.890269070244021,77.24816568,ENST00000558815.5,ENSG00000108107.15,491
endothelial cell of vascular tree,RPL28,P46779-3,isoform,6.500185696783896e-209,6.779147666147074e-203,4.06488989651572,2.6293758650262897,77.24816568,ENST00000558815.5,ENSG00000108107.15,735
basal cell of prostate epithelium,RPL28,P46779-3,isoform,1.0188318902816014e-17,1.0625560796849267e-11,4.051375446198343,2.32704896204379,77.24816568,ENST00000558815.5,ENSG00000108107.15,55
epithelial cell,KDELR1,P24390-1,reference,2.0060235567239544e-16,2.0921140636843197e-10,4.0470985598318885,1.295064311644659,92.17627358490566,ENST00000330720.7,ENSG00000105438.9,418
capillary endothelial cell,RPL28,P46779-3,isoform,8.690279445348785e-65,9.063231478025374e-59,4.044628028615468,1.1695868102684985,77.24816568,ENST00000558815.5,ENSG00000108107.15,679
"cd8-positive, alpha-beta t cell",RPL28,P46779-3,isoform,2.16352968e-315,2.256379718050384e-309,4.044550469344019,2.927669493330569,77.24816568,ENST00000558815.5,ENSG00000108107.15,1178
cd4-positive alpha-beta t cell,RPL28,P46779-3,isoform,8.360220725142423e-63,8.719007957782635e-57,4.03402781829828,4.246135833860073,77.24816568,ENST00000558815.5,ENSG00000108107.15,117
"naive thymus-derived cd4-positive, alpha-beta t cell",TPM3,P06753-5,isoform,2.1735634340070064e-59,2.266844082340851e-53,4.029690370955949,1.9718187774080471,92.73919355,ENST00000330188.13,ENSG00000143549.21,344
epithelial cell,EIF5A,P63241-1,reference,2.639328012895414e-26,2.7525974138968334e-20,4.021890723701313,2.2264856207635506,88.36525974025969,ENST00000336458.13,ENSG00000132507.18,418
bladder urothelial cell,TSPAN3,O60637-2,isoform,1.7148407411989367e-22,1.7884348464482302e-16,4.020246756990403,1.3128868218152319,73.79171053,ENST00000346495.6,ENSG00000140391.15,227
epithelial cell,TSPAN3,O60637-2,isoform,3.828503364529103e-92,3.992807414921234e-86,3.999101441979944,2.767811031172901,73.79171053,ENST00000346495.6,ENSG00000140391.15,418
regulatory t cell,RPL28,P46779-3,isoform,1.3726051353153087e-37,1.4315118573025005e-31,3.9940876315687315,4.17472830612055,77.24816568,ENST00000558815.5,ENSG00000108107.15,66
b cell,RPL28,P46779-3,isoform,5.397007557957952e-187,5.628625534315276e-181,3.979041415607479,2.833502394078699,77.24816568,ENST00000558815.5,ENSG00000108107.15,740
epithelial cell,COPZ1,P61923-1,reference,2.944018014914979e-47,3.0703634920430703e-41,3.976537265261169,1.7420431342615497,89.38463276836163,ENST00000262061.7,ENSG00000111481.10,418
"cd4-positive, alpha-beta memory t cell",TPM3,P06753-5,isoform,3.842847949458378e-61,4.007767612057334e-55,3.973612247039021,1.7696718077175668,92.73919355,ENST00000330188.13,ENSG00000143549.21,402
ciliated cell,RPL28,P46779-3,isoform,7.926652382899452e-16,8.266832596563964e-10,3.954960051756132,2.3229486026811963,77.24816568,ENST00000558815.5,ENSG00000108107.15,55
adventitial cell,RPL28,P46779-3,isoform,1.2093128891101478e-142,1.2612117610591988e-136,3.954896365716612,2.680382038762185,77.24816568,ENST00000558815.5,ENSG00000108107.15,418
epithelial cell,TPM3,P06753-6,isoform,1.7208739469287403e-50,1.794726973235134e-44,3.927028642652744,1.3399164314133953,92.63366935,ENST00000328159.9,ENSG00000143549.21,418
"naive thymus-derived cd4-positive, alpha-beta t cell",AHSA1,O95433-2,isoform,8.78886879654751e-27,9.166051889820142e-21,3.9229765497668163,1.2058612175379357,81.816875,ENST00000535854.6,ENSG00000100591.8,344
cd4-positive helper t cell,TPM3,P06753-5,isoform,2.974189313933035e-22,3.101829622529785e-16,3.9095977750311164,1.5308452849401077,92.73919355,ENST00000330188.13,ENSG00000143549.21,162
nk cell,TPM3,P06753-5,isoform,4.338556229160287e-101,4.52474970829093e-95,3.906447429797299,1.9405872163285671,92.73919355,ENST00000330188.13,ENSG00000143549.21,613
memory b cell,TPM3,P06753-5,isoform,4.561237706871598e-163,4.7569877842997e-157,3.900443414592195,1.7129807274261184,92.73919355,ENST00000330188.13,ENSG00000143549.21,1094
luminal epithelial cell of mammary gland,RPL28,P46779-3,isoform,1.1814578513472916e-81,1.2321612964957118e-75,3.8982960338144537,2.9048323923363704,77.24816568,ENST00000558815.5,ENSG00000108107.15,218
mast cell,RPL28,P46779-3,isoform,4.444177598394974e-46,4.634903924207693e-40,3.8828310770491012,1.337960766043468,77.24816568,ENST00000558815.5,ENSG00000108107.15,413
type ii pneumocyte,AGPAT2,O15120-1,reference,3.4790800849413646e-23,3.6283882858667085e-17,3.8770669169336296,2.1115791729418683,90.89305755395677,ENST00000371696.7,ENSG00000169692.13,317
type ii pneumocyte,KDELR1,P24390-1,reference,9.490249628547018e-23,9.897533181605742e-17,3.8715885496599833,1.7949076205711154,92.17627358490566,ENST00000330720.7,ENSG00000105438.9,317
myeloid progenitor,CNBP,P62633-2,isoform,1.4986730609728337e-20,1.562990114057544e-14,3.861785312143631,4.843599092269165,72.23064706,ENST00000502976.5,ENSG00000169714.17,33
erythroid progenitor,RPL28,P46779-3,isoform,1.0095275799100393e-36,1.0528524655294585e-30,3.851640644408943,3.259594790957992,77.24816568,ENST00000558815.5,ENSG00000108107.15,87
nk cell,RPL28,P46779-3,isoform,1.0057066848887514e-101,1.048867592977437e-95,3.8433035972509466,2.0202028700513774,77.24816568,ENST00000558815.5,ENSG00000108107.15,613
leucocyte,RPL28,P46779-3,isoform,2.9557602466026602e-12,3.08260965334586e-06,3.842076960720701,1.208846278032838,77.24816568,ENST00000558815.5,ENSG00000108107.15,155
"naive thymus-derived cd4-positive, alpha-beta t cell",MYL6,P60660-2,isoform,1.184093731563261e-43,1.2349102981470299e-37,3.838475535913925,3.9233894839516426,93.93437086,ENST00000547649.5,ENSG00000092841.19,344
dendritic cell,RPL28,P46779-3,isoform,6.985165299150418e-14,7.284940653128757e-08,3.8360703952171296,2.3833710687580165,77.24816568,ENST00000558815.5,ENSG00000108107.15,68
luminal epithelial cell of mammary gland,COPZ1,P61923-1,reference,2.0297474743570346e-14,2.1168561169665412e-08,3.8351836394323553,1.0071962075677068,89.38463276836163,ENST00000262061.7,ENSG00000111481.10,218
immature enterocyte,RPL28,P46779-3,isoform,5.0127749026432104e-24,5.2279031503650466e-18,3.825338126799898,2.9615226000889594,77.24816568,ENST00000558815.5,ENSG00000108107.15,44
adventitial cell,RAB1A,P62820-1,reference,9.740970359885408e-50,1.0159013843850251e-43,3.8115233410421685,1.6541660812774808,84.52258536585369,ENST00000409784.8,ENSG00000138069.18,418
plasma cell,ETFB,P38117-1,reference,4.336065008124878e-28,4.522151574013565e-22,3.781658751896865,1.0083312926501298,96.40050980392157,ENST00000309244.9,ENSG00000105379.10,809
cd4-positive helper t cell,RPL28,P46779-3,isoform,1.8300572170788254e-73,1.9085959526069802e-67,3.775339218083556,4.0337981790923205,77.24816568,ENST00000558815.5,ENSG00000108107.15,162
type i nk t cell,MYL6,P60660-2,isoform,1.811790496573696e-09,0.0018895452975246528,3.7712170358358703,3.6257725180683065,93.93437086,ENST00000547649.5,ENSG00000092841.19,79
innate lymphoid cell,TPM3,P06753-5,isoform,7.592735232277969e-51,7.91858505750641e-45,3.766415224369141,1.1899756727323705,92.73919355,ENST00000330188.13,ENSG00000143549.21,517
"cd4-positive, alpha-beta t cell",RPL28,P46779-3,isoform,2.4785024440065933e-305,2.5848698548935805e-299,3.7623642016748717,3.209028937627357,77.24816568,ENST00000558815.5,ENSG00000108107.15,1094
cd4-positive helper t cell,TPM3,P06753-6,isoform,1.6050129214613262e-20,1.6738936559987604e-14,3.7402360575711064,1.4899948919153072,92.63366935,ENST00000328159.9,ENSG00000143549.21,162
adventitial cell,LDHA,P00338-4,isoform,2.3124910673355407e-38,2.4117339339813128e-32,3.73903451044969,1.3317300310667217,92.06354015,ENST00000430553.6,ENSG00000134333.14,418
plasma cell,KDELR1,P24390-1,reference,2.9285574106321812e-46,3.054239380466872e-40,3.736264690293105,1.8383596255849248,92.17627358490566,ENST00000330720.7,ENSG00000105438.9,809
monocyte,EMC10,Q5UCC4-1,reference,6.98281689614054e-58,7.282491466055309e-52,3.7209106362571167,1.4657707820110386,78.0975572519084,ENST00000334976.11,ENSG00000161671.17,907
memory b cell,RPL28,P46779-3,isoform,0.0,0.0,3.708029607158375,3.810500557832051,77.24816568,ENST00000558815.5,ENSG00000108107.15,1094
fibroblast of breast,SOD2,P04179-1,reference,1.9342296332565156e-17,2.0172390321973523e-11,3.7018722868019225,2.171164196727643,93.11576576576576,ENST00000538183.7,ENSG00000112096.19,105
innate lymphoid cell,MYL6,P60660-2,isoform,9.073983921006298e-40,9.463403014960203e-34,3.6965509897215405,3.030243670086239,93.93437086,ENST00000547649.5,ENSG00000092841.19,517
"cd4-positive, alpha-beta memory t cell",RPL28,P46779-3,isoform,1.9367519085812668e-135,2.0198695534899404e-129,3.683495646107147,3.4803678936217386,77.24816568,ENST00000558815.5,ENSG00000108107.15,402
type ii pneumocyte,EMC10,Q5UCC4-2,isoform,3.638525433498671e-13,3.7946763910026997e-07,3.681236888083625,1.0301539604241912,80.07106299,ENST00000376918.7,ENSG00000161671.17,317
b cell,AHSA1,O95433-2,isoform,6.384740074338395e-45,6.658747579368701e-39,3.670758578534525,1.2112039032841246,81.816875,ENST00000535854.6,ENSG00000100591.8,740
paneth cell of epithelium of small intestine,CNBP,P62633-2,isoform,3.486538752710431e-08,0.03636167049821752,3.6680658379382773,2.2207797789038635,72.23064706,ENST00000502976.5,ENSG00000169714.17,33
adventitial cell,PLTP,P55058-1,reference,1.9830889884183747e-48,2.0681952354453377e-42,3.661671010443286,2.1720284734469555,89.0809533468559,ENST00000372431.8,ENSG00000100979.15,418
regulatory t cell,TPM3,P06753-5,isoform,8.486246198827022e-15,8.850441940695882e-09,3.6447377483840655,2.5521599689071723,92.73919355,ENST00000330188.13,ENSG00000143549.21,66
macrophage,AHSA1,O95433-2,isoform,4.67502711518698e-100,4.875660578862344e-94,3.6367939673275864,1.393609443611404,81.816875,ENST00000535854.6,ENSG00000100591.8,1557
b cell,TPM3,P06753-5,isoform,8.246422298053768e-67,8.600325757397043e-61,3.6296807884489355,1.1032276455773784,92.73919355,ENST00000330188.13,ENSG00000143549.21,740
regulatory t cell,MYL6,P60660-2,isoform,4.4021267161968786e-14,4.591048386349184e-08,3.626480744561501,4.985340446633385,93.93437086,ENST00000547649.5,ENSG00000092841.19,66
"naive thymus-derived cd4-positive, alpha-beta t cell",RPL28,P46779-3,isoform,6.637619246361144e-142,6.922479313937978e-136,3.625353807387968,3.887360324732695,77.24816568,ENST00000558815.5,ENSG00000108107.15,344
endothelial cell,TPM3,P06753-6,isoform,3.716275752375757e-83,3.875763442564715e-77,3.62531007035669,1.9339363681346065,92.63366935,ENST00000328159.9,ENSG00000143549.21,603
fibroblast,SOD2,P04179-1,reference,1.3733647211633938e-206,1.432304041536842e-200,3.610365394921326,2.2814410034735433,93.11576576576576,ENST00000538183.7,ENSG00000112096.19,1109
"cd8-positive, alpha-beta memory t cell",MYL6,P60660-2,isoform,1.2419593354373038e-79,1.295259262276931e-73,3.59284514133902,4.7951959595627995,93.93437086,ENST00000547649.5,ENSG00000092841.19,491
nk cell,TPM3,P06753-6,isoform,3.5649557383624935e-85,3.7179493788300583e-79,3.5873387949583346,1.8413800799992308,92.63366935,ENST00000328159.9,ENSG00000143549.21,613
plasma cell,COPZ1,P61923-3,isoform,1.9615728464939698e-53,2.0457557067741049e-47,3.5841446007913134,1.0905161285540228,88.30519481,ENST00000455864.6,ENSG00000111481.10,809
stromal cell,RPL28,P46779-3,isoform,9.072677529657394e-16,9.46204055852017e-10,3.5719998737056526,1.7027636268594755,77.24816568,ENST00000558815.5,ENSG00000108107.15,102
kidney epithelial cell,ATP6V1E1,P36543-3,isoform,4.3800117602143106e-13,4.567984344915668e-07,3.561458149949402,1.6173198477579867,92.42102041,ENST00000399796.6,ENSG00000131100.13,173
fibroblast,EIF5A,P63241-1,reference,9.660285965719059e-61,1.0074866798223859e-54,3.5482712158993817,2.382962882327356,88.36525974025969,ENST00000336458.13,ENSG00000132507.18,1109
mast cell,TPM3,P06753-6,isoform,2.373203656851453e-50,2.4750520649888896e-44,3.539008810964059,1.5315872125764824,92.63366935,ENST00000328159.9,ENSG00000143549.21,413
b cell,MYL6,P60660-2,isoform,9.241704820296217e-44,9.63832182436405e-38,3.5363209063119045,2.690609147161876,93.93437086,ENST00000547649.5,ENSG00000092841.19,740
"cd4-positive, alpha-beta memory t cell",TPM3,P06753-6,isoform,3.2048802823479997e-48,3.3424209245452464e-42,3.522302062333955,1.64302574936935,92.63366935,ENST00000328159.9,ENSG00000143549.21,402
naive b cell,RPL28,P46779-3,isoform,8.26943737662868e-56,8.624328551084076e-50,3.509465475766028,2.7385306783724954,77.24816568,ENST00000558815.5,ENSG00000108107.15,262
"cd8-positive, alpha-beta memory t cell",TPM3,P06753-6,isoform,4.487445367795357e-65,4.6800285731996625e-59,3.508803282406592,1.8260156594009507,92.63366935,ENST00000328159.9,ENSG00000143549.21,491
plasma cell,TSPAN3,O60637-2,isoform,3.160758665759547e-44,3.2964057846592836e-38,3.4715868373813588,1.0094464508043952,73.79171053,ENST00000346495.6,ENSG00000140391.15,809
"naive thymus-derived cd4-positive, alpha-beta t cell",EIF5A,P63241-1,reference,3.206417278569102e-14,3.3440238824961734e-08,3.4690812741378476,1.9655088508278185,88.36525974025969,ENST00000336458.13,ENSG00000132507.18,344
"cd8-positive, alpha-beta t cell",TPM3,P06753-6,isoform,2.533982014499268e-106,2.6427303866335187e-100,3.458638738010368,1.3841374137126683,92.63366935,ENST00000328159.9,ENSG00000143549.21,1178
adventitial cell,TSPAN3,O60637-2,isoform,1.3671615321777804e-43,1.425834636492722e-37,3.44971296442885,1.657276474283918,73.79171053,ENST00000346495.6,ENSG00000140391.15,418
t cell,MYL6,P60660-2,isoform,1.3707688568578035e-66,1.429596773118713e-60,3.430781172739107,3.8016682288800134,93.93437086,ENST00000547649.5,ENSG00000092841.19,735
luminal epithelial cell of mammary gland,C1orf43,Q9BWL3-1,reference,1.709286694918112e-14,1.7826424427172178e-08,3.423449685593291,1.298096142963588,73.0493280632411,ENST00000368521.10,ENSG00000143612.21,218
fibroblast of cardiac tissue,RPL28,P46779-3,isoform,8.656313779315529e-10,0.0009027808141468634,3.418825948751936,2.0119560219223405,77.24816568,ENST00000558815.5,ENSG00000108107.15,49
myeloid progenitor,RPL28,P46779-3,isoform,1.5479106952836164e-25,1.614340830682408e-19,3.411459096334416,4.622467231022974,77.24816568,ENST00000558815.5,ENSG00000108107.15,33
paneth cell of epithelium of small intestine,RPL28,P46779-3,isoform,1.1891120109979681e-11,1.240143942061957e-05,3.4027392233370986,2.5068456534148096,77.24816568,ENST00000558815.5,ENSG00000108107.15,33
"naive thymus-derived cd4-positive, alpha-beta t cell",TPM3,P06753-6,isoform,3.992393397083093e-42,4.163730952112311e-36,3.3904220407916834,1.7719501412367542,92.63366935,ENST00000328159.9,ENSG00000143549.21,344
endothelial cell,RCAN1,P53805-2,isoform,1.2553493892959451e-30,1.30922396368697e-24,3.389835864083722,1.2466785065851798,82.71233503,ENST00000381132.6,ENSG00000159200.18,603
immature enterocyte,CNBP,P62633-2,isoform,2.0438685621466466e-14,2.131583225359732e-08,3.3895436798170726,3.0745347906864904,72.23064706,ENST00000502976.5,ENSG00000169714.17,44
"cd4-positive, alpha-beta t cell",MYL6,P60660-2,isoform,7.223306222783626e-93,7.533301632640608e-87,3.3889011827337576,3.557711152438473,93.93437086,ENST00000547649.5,ENSG00000092841.19,1094
"cd4-positive, alpha-beta memory t cell",MYL6,P60660-2,isoform,2.3507709804062865e-44,2.451656667801403e-38,3.3681663152000345,4.02024487449964,93.93437086,ENST00000547649.5,ENSG00000092841.19,402
"cd8-positive, alpha-beta memory t cell",AHSA1,O95433-2,isoform,3.69114825774531e-25,3.849557576374708e-19,3.366790373948708,1.065749286591841,81.816875,ENST00000535854.6,ENSG00000100591.8,491
intestinal crypt stem cell,TSPAN3,O60637-2,isoform,4.7108101797513825e-19,4.912979309425593e-13,3.3505544834703156,2.5195052166318117,73.79171053,ENST00000346495.6,ENSG00000140391.15,74
t cell,TPM3,P06753-6,isoform,3.525154629836427e-49,3.6764401659304876e-43,3.3500592147975814,1.055708666061555,92.63366935,ENST00000328159.9,ENSG00000143549.21,735
slow muscle cell,TPM3,P06753-7,isoform,1.2077972640233618e-16,1.2596310914061884e-10,3.3489984680539036,5.4990556188026085,96.40841772,ENST00000302206.9,ENSG00000143549.21,52
bladder urothelial cell,AHSA1,O95433-2,isoform,6.735923128534679e-20,7.025002005518873e-14,3.3400018705822214,1.9981101672862998,81.816875,ENST00000535854.6,ENSG00000100591.8,227
plasma cell,RAB1A,P62820-1,reference,8.141504485613054e-53,8.490905292117625e-47,3.3278353450725136,1.1291702928309222,84.52258536585369,ENST00000409784.8,ENSG00000138069.18,809
naive b cell,TPM3,P06753-5,isoform,5.986094507814507e-21,6.242993739711875e-15,3.3241813297462186,1.2175111698104335,92.73919355,ENST00000330188.13,ENSG00000143549.21,262
type ii pneumocyte,RAB1A,P62820-1,reference,5.87091339507403e-32,6.122869514337027e-26,3.3013253796185626,1.4333866240271835,84.52258536585369,ENST00000409784.8,ENSG00000138069.18,317
cardiac endothelial cell,RPL28,P46779-3,isoform,1.0077345135096087e-13,1.0509824478913871e-07,3.2990477344198506,1.6367041135826152,77.24816568,ENST00000558815.5,ENSG00000108107.15,108
vein endothelial cell,TPM3,P06753-6,isoform,2.0741246416533402e-29,2.1631377747745348e-23,3.2876962593281176,1.912926283861717,92.63366935,ENST00000328159.9,ENSG00000143549.21,207
basal cell,RPL28,P46779-3,isoform,2.6409766873101506e-256,2.7543168428227532e-250,3.2866112822625504,2.7693387345131413,77.24816568,ENST00000558815.5,ENSG00000108107.15,1073
cd8-positive alpha-beta t cell,RPL28,P46779-3,isoform,9.841169526708135e-21,1.0263513158116343e-14,3.2573839198105854,4.126698528707093,77.24816568,ENST00000558815.5,ENSG00000108107.15,54
hematopoietic stem cell,RPL28,P46779-3,isoform,2.896902070275424e-102,3.021225519523364e-96,3.2501466490280073,4.555324507569324,77.24816568,ENST00000558815.5,ENSG00000108107.15,187
mature nk t cell,MYL6,P60660-2,isoform,9.72925164883179e-25,1.0146792212593056e-18,3.2349779017440783,4.8456848904894185,93.93437086,ENST00000547649.5,ENSG00000092841.19,154
epithelial cell of uterus,SOD2,P04179-1,reference,1.4307880241688862e-10,0.0001492191723014118,3.2171761157564847,2.290102431899178,93.11576576576576,ENST00000538183.7,ENSG00000112096.19,50
cd4-positive alpha-beta t cell,TPM3,P06753-5,isoform,5.179236917502365e-14,5.401509049053897e-08,3.211947476781618,1.4522405167364265,92.73919355,ENST00000330188.13,ENSG00000143549.21,117
fibroblast,ATP5F1C,P36542-2,isoform,1.0716277173476026e-31,1.1176176924652924e-25,3.20464776606527,1.2212735335842009,87.69457912,ENST00000335698.4,ENSG00000165629.20,1109
erythroid progenitor,CNBP,P62633-2,isoform,2.4846649937301524e-19,2.5912968766010756e-13,3.186647773666855,2.890659935177361,72.23064706,ENST00000502976.5,ENSG00000169714.17,87
cd4-positive alpha-beta t cell,TPM3,P06753-6,isoform,8.934394473889818e-14,9.317822947131273e-08,3.1846217162159527,1.4441694237756653,92.63366935,ENST00000328159.9,ENSG00000143549.21,117
mesenchymal stem cell,SOD2,P04179-1,reference,1.754972275518463e-238,1.8302886656946132e-232,3.1630182204442914,2.5057150621560895,93.11576576576576,ENST00000538183.7,ENSG00000112096.19,1423
macrophage,VAPA,Q9P0L0-1,reference,3.339884593530228e-100,3.483219080746171e-94,3.1617435256370015,1.361092909431288,78.74076305220885,ENST00000400000.7,ENSG00000101558.14,1557
fibroblast of breast,RPL28,P46779-3,isoform,9.837975689330042e-12,1.026018225401333e-05,3.1366710263130524,1.6111916565109987,77.24816568,ENST00000558815.5,ENSG00000108107.15,105
adventitial cell,CNBP,P62633-2,isoform,1.1604322706629066e-114,1.2102333819906759e-108,3.117655838144036,3.811413798936836,72.23064706,ENST00000502976.5,ENSG00000169714.17,418
type ii pneumocyte,CNBP,P62633-2,isoform,3.360418035467774e-82,3.504633735877909e-76,3.1102747692386727,3.4185978387403244,72.23064706,ENST00000502976.5,ENSG00000169714.17,317
monocyte,CNBP,P62633-1,reference,1.3426768380831294e-68,1.400299157266305e-62,3.1038130783916174,1.1510850538315358,70.63548022598869,ENST00000422453.7,ENSG00000169714.17,907
immature enterocyte,TPM3,P06753-6,isoform,9.21129254406657e-10,0.0009606604374887731,3.0885406573413228,2.0356299085141956,92.63366935,ENST00000328159.9,ENSG00000143549.21,44
naive b cell,TPM3,P06753-6,isoform,5.337107653564547e-18,5.566154965624923e-12,3.0862078013585004,1.159955848384971,92.63366935,ENST00000328159.9,ENSG00000143549.21,262
type i nk t cell,CNBP,P62633-2,isoform,3.995968021499776e-13,4.1674589851104607e-07,3.082059402338514,2.7499541797109437,72.23064706,ENST00000502976.5,ENSG00000169714.17,79
"cd4-positive, alpha-beta t cell",TPM3,P06753-6,isoform,1.1270433586362329e-98,1.1754115514154655e-92,3.066254831097881,1.6480443507138525,92.63366935,ENST00000328159.9,ENSG00000143549.21,1094
intestinal crypt stem cell,TPM3,P06753-6,isoform,1.8247913426012643e-13,1.9031040878603401e-07,3.060565914334733,1.7159248524383712,92.63366935,ENST00000328159.9,ENSG00000143549.21,74
"naive thymus-derived cd8-positive, alpha-beta t cell",MYL6,P60660-2,isoform,3.6163099413343085e-08,0.03771507498776611,3.034677396719781,4.972576138774636,93.93437086,ENST00000547649.5,ENSG00000092841.19,43
leucocyte,MYL6,P60660-2,isoform,9.109852842828492e-09,0.00950081128743132,3.0270905094879583,2.945365855918846,93.93437086,ENST00000547649.5,ENSG00000092841.19,155
memory b cell,AHSA1,O95433-2,isoform,1.6244978904739304e-52,1.6942148419415096e-46,3.021271380568392,1.1939321438007269,81.816875,ENST00000535854.6,ENSG00000100591.8,1094
hematopoietic stem cell,TPM3,P06753-6,isoform,5.154968975069672e-23,5.376199623603762e-17,3.0143251240281965,1.6308833733733021,92.63366935,ENST00000328159.9,ENSG00000143549.21,187
regulatory t cell,CNBP,P62633-2,isoform,1.981147508367422e-14,2.066170434836518e-08,3.009470170854596,3.391653579026744,72.23064706,ENST00000502976.5,ENSG00000169714.17,66
endothelial cell of vascular tree,TPM3,P06753-6,isoform,1.3036862551658934e-87,1.3596352544925928e-81,3.005983130116815,1.8965228288467852,92.63366935,ENST00000328159.9,ENSG00000143549.21,735
"cd8-positive, alpha-beta memory t cell",EIF5A,P63241-1,reference,6.6266051205631795e-15,6.910992505917269e-09,2.9997581735135372,1.7660616402387117,88.36525974025969,ENST00000336458.13,ENSG00000132507.18,491
kidney epithelial cell,CRYZ,Q08257-2,isoform,8.409309889890486e-10,0.0008770203833125026,2.9939812241198838,1.577092195088397,95.6046875,ENST00000370872.7,ENSG00000116791.14,173
memory b cell,TPM3,P06753-6,isoform,3.6374256013567035e-92,3.793529358464528e-86,2.990031588152048,1.4461312120995835,92.63366935,ENST00000328159.9,ENSG00000143549.21,1094
skeletal muscle satellite stem cell,SOD2,P04179-1,reference,1.1050154615778482e-75,1.1524383051269231e-69,2.9885111244236455,2.2740943936625317,93.11576576576576,ENST00000538183.7,ENSG00000112096.19,611
type ii pneumocyte,TPM3,P06753-6,isoform,2.9472052067076367e-30,3.0736874653587015e-24,2.9805241768687307,1.1755031096211181,92.63366935,ENST00000328159.9,ENSG00000143549.21,317
nk cell,MYL6,P60660-2,isoform,2.069059428259747e-83,2.1578551826829423e-77,2.9778857664306315,4.8756576768136615,93.93437086,ENST00000547649.5,ENSG00000092841.19,613
intestinal crypt stem cell,CNBP,P62633-2,isoform,7.962978236727255e-20,8.304717410734641e-14,2.9704710098401996,3.1167854405548105,72.23064706,ENST00000502976.5,ENSG00000169714.17,74
immune cell,RPL28,P46779-3,isoform,4.182926218010149e-83,4.362440679582272e-77,2.96999315846917,2.6333482566161366,77.24816568,ENST00000558815.5,ENSG00000108107.15,495
mature enterocyte,MYL6,P60660-2,isoform,4.097015855244994e-35,4.2728433876886883e-29,2.9676921259928717,2.3048029043272527,93.93437086,ENST00000547649.5,ENSG00000092841.19,693
regulatory t cell,TPM3,P06753-6,isoform,9.48457878126515e-10,0.0009891618964241926,2.925475628799411,2.234418817024498,92.63366935,ENST00000328159.9,ENSG00000143549.21,66
"cd4-positive, alpha-beta t cell",EIF5A,P63241-1,reference,5.3883106326416774e-21,5.619555371752127e-15,2.9217039681014354,1.2799386687084304,88.36525974025969,ENST00000336458.13,ENSG00000132507.18,1094
mesenchymal stem cell,RAB1A,P62820-1,reference,3.1913537575253235e-77,3.3283138953832803e-71,2.906170426536589,1.261659848260249,84.52258536585369,ENST00000409784.8,ENSG00000138069.18,1423
fibroblast,TSPAN3,O60637-2,isoform,5.230027484318637e-52,5.4544793438356555e-46,2.8769381317947302,1.0904559873967359,73.79171053,ENST00000346495.6,ENSG00000140391.15,1109
"cd8-positive, alpha-beta t cell",MYL6,P60660-2,isoform,1.7822950083871234e-135,1.8587839809670653e-129,2.8693518637948654,4.66393615862347,93.93437086,ENST00000547649.5,ENSG00000092841.19,1178
tendon cell,CNBP,P62633-2,isoform,1.1430126365389782e-10,0.0001192066166848685,2.8626963754645747,3.153763280792647,72.23064706,ENST00000502976.5,ENSG00000169714.17,55
vascular associated smooth muscle cell,RPL28,P46779-3,isoform,6.791734737834796e-19,7.083208825843713e-13,2.8590413783030875,1.8646820925943417,77.24816568,ENST00000558815.5,ENSG00000108107.15,156
skeletal muscle satellite stem cell,MYL6,P60660-1,reference,7.815854477140994e-52,8.151279687881977e-46,2.842672975063432,4.374305616702174,95.2643046357616,ENST00000550697.6,ENSG00000092841.19,611
"cd8-positive, alpha-beta memory t cell",CNBP,P62633-2,isoform,1.3967644457086826e-64,1.4567079886607165e-58,2.841127564164329,2.844620106195046,72.23064706,ENST00000502976.5,ENSG00000169714.17,491
muscle cell,SOD2,P04179-2,isoform,6.553262384350752e-11,6.834502192837548e-05,2.8326937339044056,4.355809534570501,89.90234973,ENST00000337404.8,ENSG00000112096.19,35
"cd4-positive, alpha-beta memory t cell",AHSA1,O95433-2,isoform,2.105724118315222e-17,2.1960933745768382e-11,2.8262931304083785,1.1409344528014325,81.816875,ENST00000535854.6,ENSG00000100591.8,402
epithelial cell of uterus,CNBP,P62633-2,isoform,3.3644079248661414e-10,0.0003508794855369697,2.8218127892709495,3.038137627773915,72.23064706,ENST00000502976.5,ENSG00000169714.17,50
bladder urothelial cell,CNBP,P62633-2,isoform,4.14143565369962e-22,4.319169506213793e-16,2.7987426072347277,1.585385327549751,72.23064706,ENST00000502976.5,ENSG00000169714.17,227
plasma cell,CNBP,P62633-2,isoform,2.2119477841292635e-96,2.306875735232955e-90,2.7970129948398066,2.2296887751743872,72.23064706,ENST00000502976.5,ENSG00000169714.17,809
"cd4-positive, alpha-beta memory t cell",CNBP,P62633-2,isoform,8.784933534282393e-49,9.161947741839657e-43,2.7950424060565284,2.6625233201850307,72.23064706,ENST00000502976.5,ENSG00000169714.17,402
adventitial cell,KDELR1,P24390-1,reference,1.4416038805688637e-17,1.503471752707357e-11,2.794875419782156,1.725213751038222,92.17627358490566,ENST00000330720.7,ENSG00000105438.9,418
fibroblast,RAB1A,P62820-1,reference,1.2284657379777943e-54,1.2811865735888493e-48,2.793803090090347,1.177036127791527,84.52258536585369,ENST00000409784.8,ENSG00000138069.18,1109
"cd4-positive, alpha-beta memory t cell",EIF5A,P63241-1,reference,8.398704071459736e-09,0.008759142855390502,2.785812692297943,1.3184413488292255,88.36525974025969,ENST00000336458.13,ENSG00000132507.18,402
cardiac endothelial cell,CNBP,P62633-2,isoform,3.529408342368886e-13,3.680876430789989e-07,2.76976726603673,2.3827415219243706,72.23064706,ENST00000502976.5,ENSG00000169714.17,108
erythroid progenitor,TPM3,P06753-6,isoform,1.4799417645626083e-09,0.0015434549453305771,2.7646469379508245,1.553112939259484,92.63366935,ENST00000328159.9,ENSG00000143549.21,87
fibroblast,PLTP,P55058-1,reference,7.704530031064911e-49,8.035177641878094e-43,2.7284027681059193,1.3684568232528822,89.0809533468559,ENST00000372431.8,ENSG00000100979.15,1109
adventitial cell,C1orf43,Q9BWL3-1,reference,2.0066209566583589e-16,2.092737101634309e-10,2.7267806229224703,1.1642212995275836,73.0493280632411,ENST00000368521.10,ENSG00000143612.21,418
slow muscle cell,CNBP,P62633-2,isoform,3.0233766250486146e-11,3.153127856289201e-05,2.715249026969502,4.127359272404326,72.23064706,ENST00000502976.5,ENSG00000169714.17,52
capillary endothelial cell,TPM3,P06753-6,isoform,4.2279192059550507e-38,4.4093645865978177e-32,2.6907080562104593,1.1412050353555705,92.63366935,ENST00000328159.9,ENSG00000143549.21,679
macrophage,RPL28,P46779-3,isoform,4.501208265126929e-109,4.694382119033116e-103,2.6902158048461633,1.3821134924013576,77.24816568,ENST00000558815.5,ENSG00000108107.15,1557
endothelial cell of vascular tree,RAB1A,P62820-1,reference,1.4153852577135427e-28,1.4761279314335772e-22,2.6835953853494003,1.0451607159192486,84.52258536585369,ENST00000409784.8,ENSG00000138069.18,735
cd1c-positive myeloid dendritic cell,RPL28,P46779-3,isoform,5.444318803280978e-11,5.677967189042585e-05,2.680342701577631,2.9463583715938144,77.24816568,ENST00000558815.5,ENSG00000108107.15,43
skeletal muscle satellite stem cell,RAB1A,P62820-1,reference,5.065148058703628e-22,5.282523952790954e-16,2.680041677981069,1.0617849276974658,84.52258536585369,ENST00000409784.8,ENSG00000138069.18,611
bladder urothelial cell,TPM3,P06753-6,isoform,1.5905536136838355e-16,1.6588138125686912e-10,2.6662572050731144,1.0844599286044092,92.63366935,ENST00000328159.9,ENSG00000143549.21,227
adventitial cell,SAP18,O00422-2,isoform,4.282453144315356e-24,4.466238903456794e-18,2.646485287123684,2.745145778746759,80.63610465,ENST00000382533.8,ENSG00000150459.12,418
hematopoietic stem cell,CNBP,P62633-2,isoform,4.879685297850933e-32,5.0891018720935036e-26,2.643519964870637,3.137906262864237,72.23064706,ENST00000502976.5,ENSG00000169714.17,187
mesenchymal stem cell,CNBP,P62633-2,isoform,9.785277150707891e-191,1.0205222104907671e-184,2.6415899602787176,2.9052441148245167,72.23064706,ENST00000502976.5,ENSG00000169714.17,1423
endothelial cell,SOD2,P04179-1,reference,1.4294929543636617e-50,1.4908410739931327e-44,2.636293514688111,2.0213906740254597,93.11576576576576,ENST00000538183.7,ENSG00000112096.19,603
epithelial cell,RAB1A,P62820-1,reference,7.032776247722514e-25,7.334594873169774e-19,2.6352306994973667,1.3711149923296895,84.52258536585369,ENST00000409784.8,ENSG00000138069.18,418
basal cell,CNBP,P62633-2,isoform,3.8859331537099113e-85,4.0527018609345256e-79,2.623902234482131,1.7352481517988076,72.23064706,ENST00000502976.5,ENSG00000169714.17,1073
fast muscle cell,CNBP,P62633-2,isoform,2.4128970110936825e-12,2.516448899221779e-06,2.62114609745053,3.1912732858539057,72.23064706,ENST00000502976.5,ENSG00000169714.17,85
fibroblast,ETFB,P38117-1,reference,5.186686301976418e-28,5.409278131312038e-22,2.6151027402688642,1.1168112458271564,96.40050980392157,ENST00000309244.9,ENSG00000105379.10,1109
fibroblast,CNBP,P62633-2,isoform,8.47952774977069e-148,8.84343516267985e-142,2.6138786885741263,2.8430570013135608,72.23064706,ENST00000502976.5,ENSG00000169714.17,1109
mature nk t cell,CNBP,P62633-2,isoform,1.1078632970009666e-16,1.15540835825506e-10,2.6137569465894197,2.380235544044458,72.23064706,ENST00000502976.5,ENSG00000169714.17,154
adventitial cell,TPM3,P06753-6,isoform,1.1499469588125808e-24,1.1992980824969816e-18,2.6052109850111345,1.1002149672909396,92.63366935,ENST00000328159.9,ENSG00000143549.21,418
slow muscle cell,TPM3,P06753-1,reference,5.63687522020245e-10,0.0005878787357152658,2.59153547572167,4.831750044595395,91.75807017543856,ENST00000651641.1,ENSG00000143549.21,52
mesenchymal stem cell,PLTP,P55058-1,reference,2.421274226419093e-46,2.525185631120095e-40,2.5890741364765533,1.1642235195566024,89.0809533468559,ENST00000372431.8,ENSG00000100979.15,1423
dendritic cell,MYL6,P60660-2,isoform,3.01281295444527e-08,0.03142110835198243,2.5710722348154107,4.855343669171383,93.93437086,ENST00000547649.5,ENSG00000092841.19,68
epithelial cell,CNBP,P62633-2,isoform,1.5201257890936144e-78,1.585363507458356e-72,2.5649795363382895,3.628452633269744,72.23064706,ENST00000502976.5,ENSG00000169714.17,418
innate lymphoid cell,CNBP,P62633-2,isoform,2.153517610027262e-43,2.245937971779192e-37,2.554221162936757,2.226907509144998,72.23064706,ENST00000502976.5,ENSG00000169714.17,517
macrophage,EIF5A,P63241-2,isoform,9.83461840148819e-38,1.0256680884806456e-31,2.53442422821743,1.4444345417573474,82.78320652,ENST00000336452.11,ENSG00000132507.18,1557
memory b cell,CNBP,P62633-2,isoform,5.858300209799531e-93,6.109715021603288e-87,2.4886984905468528,2.3114348442789185,72.23064706,ENST00000502976.5,ENSG00000169714.17,1094
cd4-positive helper t cell,CNBP,P62633-2,isoform,1.6137797637170037e-16,1.6830367360566826e-10,2.48306780396961,2.5171412668785975,72.23064706,ENST00000502976.5,ENSG00000169714.17,162
mature nk t cell,TPM3,P06753-6,isoform,3.342151024695429e-14,3.485582778071258e-08,2.4795786095365226,1.9634127916539168,92.63366935,ENST00000328159.9,ENSG00000143549.21,154
luminal epithelial cell of mammary gland,SOD2,P04179-1,reference,4.210553929214157e-21,4.391254061640311e-15,2.4727161285817143,2.073354472288309,93.11576576576576,ENST00000538183.7,ENSG00000112096.19,218
cd1c-positive myeloid dendritic cell,SOD2,P04179-1,reference,6.0818207225345615e-09,0.006342828140662855,2.467860740307308,3.1475219684202878,93.11576576576576,ENST00000538183.7,ENSG00000112096.19,43
macrophage,EMC10,Q5UCC4-1,reference,6.203682271292456e-34,6.469919499647243e-28,2.461196588281044,1.0709577690115508,78.0975572519084,ENST00000334976.11,ENSG00000161671.17,1557
"cd4-positive, alpha-beta t cell",CNBP,P62633-2,isoform,1.305594382901245e-85,1.361625271437835e-79,2.4521260734580976,2.3824105443142303,72.23064706,ENST00000502976.5,ENSG00000169714.17,1094
skeletal muscle satellite stem cell,CNBP,P62633-2,isoform,8.878870387125804e-64,9.259915988659695e-58,2.4514805797593797,2.7870396029489353,72.23064706,ENST00000502976.5,ENSG00000169714.17,611
memory b cell,TSPAN3,O60637-2,isoform,3.594220438179601e-39,3.748470002504517e-33,2.4484340221044003,1.2819355431228363,73.79171053,ENST00000346495.6,ENSG00000140391.15,1094
epithelial cell,AHSA1,O95433-1,reference,1.4171567690045485e-09,0.0014779754689031477,2.4458933502431837,1.0760505875525843,81.96544378698222,ENST00000216479.8,ENSG00000100591.8,418
mast cell,CNBP,P62633-2,isoform,1.8743698606808085e-42,1.954810317621786e-36,2.4267264401655555,2.678586900941198,72.23064706,ENST00000502976.5,ENSG00000169714.17,413
stromal cell,CNBP,P62633-2,isoform,2.310633875725578e-11,2.4097970391362168e-05,2.4255650237187627,2.647705577143916,72.23064706,ENST00000502976.5,ENSG00000169714.17,102
plasma cell,EIF5A,P63241-1,reference,1.4787684342154614e-30,1.5422312603382522e-24,2.40858421676354,2.4182413409863517,88.36525974025969,ENST00000336458.13,ENSG00000132507.18,809
macrophage,RPL28,P46779-2,isoform,1.2622020662803636e-81,1.3163707301568518e-75,2.399285891335244,1.2886862687860936,77.06699387,ENST00000560583.5,ENSG00000108107.15,1557
"naive thymus-derived cd4-positive, alpha-beta t cell",CNBP,P62633-2,isoform,9.797420863429273e-35,1.0217886977204205e-28,2.3924094345209386,2.86143882076307,72.23064706,ENST00000502976.5,ENSG00000169714.17,344
"cd8-positive, alpha-beta t cell",CNBP,P62633-2,isoform,1.6198268694631908e-76,1.689343359393073e-70,2.3902767055453427,2.076675246745644,72.23064706,ENST00000502976.5,ENSG00000169714.17,1178
nk cell,CNBP,P62633-2,isoform,6.378858860780754e-38,6.652613967650021e-32,2.383805103566067,1.8991208408360591,72.23064706,ENST00000502976.5,ENSG00000169714.17,613
cd4-positive helper t cell,MYL6,P60660-2,isoform,3.619367283462799e-13,3.7746960497998885e-07,2.3750927615284922,4.0435004799926935,93.93437086,ENST00000547649.5,ENSG00000092841.19,162
basal cell of prostate epithelium,CNBP,P62633-2,isoform,2.056966510851728e-08,0.021452432856314405,2.3596616950743763,2.9029547140448964,72.23064706,ENST00000502976.5,ENSG00000169714.17,55
kidney epithelial cell,MYL6,P60660-2,isoform,2.654789777871384e-13,2.768722735978512e-07,2.341337506510187,4.637961799203587,93.93437086,ENST00000547649.5,ENSG00000092841.19,173
capillary endothelial cell,CNBP,P62633-2,isoform,1.715463463407612e-36,1.789084293403213e-30,2.3348112182115184,1.6932046248038948,72.23064706,ENST00000502976.5,ENSG00000169714.17,679
plasma cell,MYL6,P60660-2,isoform,5.61347718018282e-78,5.854385166847545e-72,2.3316369740362255,4.549098788386431,93.93437086,ENST00000547649.5,ENSG00000092841.19,809
basal cell,EIF5A,P63241-1,reference,9.89237661178105e-30,1.0316917846452245e-23,2.313362987427508,1.956526889794483,88.36525974025969,ENST00000336458.13,ENSG00000132507.18,1073
pericyte cell,CNBP,P62633-2,isoform,1.362508763902955e-29,1.4209821900146143e-23,2.2957325880543378,2.231004896563167,72.23064706,ENST00000502976.5,ENSG00000169714.17,405
paneth cell of epithelium of small intestine,MYL6,P60660-2,isoform,3.3749192186762207e-09,0.003519757251864929,2.2840566829660456,5.723787476274142,93.93437086,ENST00000547649.5,ENSG00000092841.19,33
bladder urothelial cell,VAPA,Q9P0L0-1,reference,1.3502837495156934e-13,1.408232526909909e-07,2.2770902904292605,2.0912360336133573,78.74076305220885,ENST00000400000.7,ENSG00000101558.14,227
type ii pneumocyte,C1orf43,Q9BWL3-2,isoform,9.60787928593394e-18,1.0020211033369082e-11,2.265971178299069,1.8284591643669623,71.96561644,ENST00000350592.7,ENSG00000143612.21,317
vein endothelial cell,CNBP,P62633-2,isoform,1.4035724247220502e-13,1.4638081389014216e-07,2.262552651512708,1.8761455410371666,72.23064706,ENST00000502976.5,ENSG00000169714.17,207
t cell,CNBP,P62633-2,isoform,2.6782300789826696e-39,2.7931690010522898e-33,2.261919074399926,1.92621089608029,72.23064706,ENST00000502976.5,ENSG00000169714.17,735
cd1c-positive myeloid dendritic cell,MYL6,P60660-2,isoform,3.1750460631124194e-12,3.311306339956952e-06,2.2460654280131926,6.2347694375076665,93.93437086,ENST00000547649.5,ENSG00000092841.19,43
endothelial cell of vascular tree,CNBP,P62633-2,isoform,1.7986825972248447e-55,1.8758748595673462e-49,2.236749417984115,2.26958323797702,72.23064706,ENST00000502976.5,ENSG00000169714.17,735
vascular associated smooth muscle cell,CNBP,P62633-2,isoform,2.1946315624440975e-12,2.2888163705779483e-06,2.1957679674727055,2.3719272094925477,72.23064706,ENST00000502976.5,ENSG00000169714.17,156
endothelial cell,CNBP,P62633-2,isoform,3.648025360645787e-33,3.804584017023261e-27,2.1910734011073827,1.8822371521096999,72.23064706,ENST00000502976.5,ENSG00000169714.17,603
b cell,CNBP,P62633-2,isoform,1.2497390591555468e-30,1.3033728606182663e-24,2.175416215070055,1.547773831470837,72.23064706,ENST00000502976.5,ENSG00000169714.17,740
immune cell,RPL28,P46779-2,isoform,3.375258456707233e-37,3.5201110486352807e-31,2.172731711978299,2.175273666198045,77.06699387,ENST00000560583.5,ENSG00000108107.15,495
endothelial cell of vascular tree,EIF5A,P63241-1,reference,2.680320682570355e-13,2.7953493249835444e-07,2.1592081202065945,1.4941036183033818,88.36525974025969,ENST00000336458.13,ENSG00000132507.18,735
ciliated cell,MYL6,P60660-2,isoform,3.6859906589516873e-10,0.0003844178634071258,2.1580954232385827,5.9264514539179345,93.93437086,ENST00000547649.5,ENSG00000092841.19,55
mesenchymal stem cell,PLTP,P55058-4,isoform,1.6370505275298537e-27,1.707306187969325e-21,2.105104953678334,1.0363365870825727,89.85516049,ENST00000372420.5,ENSG00000100979.15,1423
type ii pneumocyte,TSPAN3,O60637-2,isoform,3.9358618245849803e-31,4.1047732706488694e-25,2.0912120304031423,2.8641088654241114,73.79171053,ENST00000346495.6,ENSG00000140391.15,317
type ii pneumocyte,NUDT16,Q96DE0-1,reference,2.2682041768097136e-12,2.3655464272616794e-06,2.0886468643422105,1.8349283575349575,92.06523076923074,ENST00000521288.2,ENSG00000198585.12,317
endothelial cell of vascular tree,SOD2,P04179-1,reference,5.036738691167664e-49,5.2528953688378155e-43,2.084082735674034,2.2708377935077433,93.11576576576576,ENST00000538183.7,ENSG00000112096.19,735
endothelial cell of vascular tree,AHSA1,O95433-1,reference,1.3062371486232516e-19,1.362295622093567e-13,2.082770476219309,1.7966756268578192,81.96544378698222,ENST00000216479.8,ENSG00000100591.8,735
myeloid progenitor,MYL6,P60660-2,isoform,1.0874518619673343e-12,1.1341209460755245e-06,2.0690258203880605,6.320222427469043,93.93437086,ENST00000547649.5,ENSG00000092841.19,33
luminal epithelial cell of mammary gland,CNBP,P62633-2,isoform,6.536216335475205e-19,6.816724595728459e-13,2.066610266974895,2.639894715819548,72.23064706,ENST00000502976.5,ENSG00000169714.17,218
monocyte,NUDT16,Q96DE0-3,isoform,1.000823422198925e-17,1.043774760186014e-11,2.0598528840369186,1.1037553924449635,82.41628931,ENST00000537561.5,ENSG00000198585.12,907
cd4-positive alpha-beta t cell,CNBP,P62633-2,isoform,5.342639724910481e-09,0.005571924451344739,2.0594536335743254,2.4215973852894166,72.23064706,ENST00000502976.5,ENSG00000169714.17,117
nk cell,AHSA1,O95433-2,isoform,1.5322162831846274e-14,1.597972877193779e-08,2.0376384249748196,1.1980768359644443,81.816875,ENST00000535854.6,ENSG00000100591.8,613
type ii pneumocyte,CD55,P08174-1,reference,2.7840581965548315e-14,2.9035388381181786e-08,2.0321052891582596,1.3124770656775697,78.5712860892389,ENST00000367064.9,ENSG00000196352.17,317
hematopoietic stem cell,MYL6,P60660-2,isoform,1.591322890530657e-15,1.6596161037006705e-09,2.0062528522341037,4.474004524275042,93.93437086,ENST00000547649.5,ENSG00000092841.19,187
stromal cell,SOD2,P04179-2,isoform,2.1645831906123725e-09,0.002257478442820693,2.0047005745887603,2.994558724199968,89.90234973,ENST00000337404.8,ENSG00000112096.19,102
smooth muscle cell,MYL6,P60660-1,reference,5.065014807650264e-12,5.282384983135383e-06,1.9757307987595751,7.016714541409225,95.2643046357616,ENST00000550697.6,ENSG00000092841.19,98
fibroblast,PLTP,P55058-4,isoform,9.663799660188836e-21,1.00785312864055e-14,1.9525679764812578,1.132744288181944,89.85516049,ENST00000372420.5,ENSG00000100979.15,1109
innate lymphoid cell,AHSA1,O95433-2,isoform,1.9475865732248389e-10,0.0002031169198601356,1.9427128051195708,1.155476655234025,81.816875,ENST00000535854.6,ENSG00000100591.8,517
mesenchymal stem cell,EIF5A,P63241-1,reference,1.8340968659290956e-17,1.9128089670273085e-11,1.9198296641687393,1.3520245000294657,88.36525974025969,ENST00000336458.13,ENSG00000132507.18,1423
epithelial cell,COPZ1,P61923-3,isoform,7.478464190576149e-10,0.0007799409959778914,1.9006956231804322,1.185355477100836,88.30519481,ENST00000455864.6,ENSG00000111481.10,418
mast cell,MYL6,P60660-2,isoform,1.1392236999570456e-24,1.188114624264402e-18,1.8922053604429654,4.587949863623907,93.93437086,ENST00000547649.5,ENSG00000092841.19,413
memory b cell,VAPA,Q9P0L0-1,reference,1.011844388755529e-18,1.0552687025433613e-12,1.8603793241215423,1.0125483947986735,78.74076305220885,ENST00000400000.7,ENSG00000101558.14,1094
pericyte cell,MYL6,P60660-1,reference,1.1526807906126839e-23,1.2021492394226179e-17,1.8565553239935861,5.484730295851158,95.2643046357616,ENST00000550697.6,ENSG00000092841.19,405
"cd4-positive, alpha-beta t cell",VAPA,Q9P0L0-1,reference,1.6660358466889973e-16,1.7375354410855024e-10,1.8487443005453914,1.0115507376313004,78.74076305220885,ENST00000400000.7,ENSG00000101558.14,1094
capillary endothelial cell,AHSA1,O95433-2,isoform,1.0239759715875377e-08,0.010679209243841884,1.7807152342574037,1.0175632580189145,81.816875,ENST00000535854.6,ENSG00000100591.8,679
capillary endothelial cell,VAPA,Q9P0L0-1,reference,1.4929215791806424e-11,1.5569918016727587e-05,1.7800881597655667,1.1432442036502402,78.74076305220885,ENST00000400000.7,ENSG00000101558.14,679
endothelial cell of vascular tree,SAP18,O00422-2,isoform,4.363011422819356e-12,4.550254421041071e-06,1.7754583603768785,1.903510999134653,80.63610465,ENST00000382533.8,ENSG00000150459.12,735
mesenchymal stem cell,MYL6,P60660-1,reference,8.438006805742814e-73,8.800132305818072e-67,1.770526795070871,4.906082354917669,95.2643046357616,ENST00000550697.6,ENSG00000092841.19,1423
monocyte,UQCR10,Q9UDW1-2,isoform,3.991716836422283e-09,0.004163025356174181,1.76769582393265,1.2303757940151818,88.68451613,ENST00000401406.3,ENSG00000184076.13,907
macrophage,MYL6,P60660-2,isoform,2.0945199412599132e-55,2.1844083590590235e-49,1.7478813316071886,4.124902425656874,93.93437086,ENST00000547649.5,ENSG00000092841.19,1557
fibroblast,MYL6,P60660-1,reference,1.9390531973354744e-69,2.0222696043523236e-63,1.7370525185084156,5.5873763156866145,95.2643046357616,ENST00000550697.6,ENSG00000092841.19,1109
"cd4-positive, alpha-beta t cell",SAP18,O00422-1,reference,3.563715289734799e-08,0.03716655695109057,1.667309549114302,1.22979444124881,87.52529411764702,ENST00000607003.5,ENSG00000150459.12,1094
plasma cell,UQCR10,Q9UDW1-1,reference,1.3588692516349009e-22,1.4171864844380644e-16,1.659897531660406,2.893338726228966,94.37333333333332,ENST00000330029.6,ENSG00000184076.13,809
intestinal crypt stem cell,MYL6,P60660-2,isoform,1.3235991595214351e-09,0.001380402741051457,1.659643697249282,5.449573895032844,93.93437086,ENST00000547649.5,ENSG00000092841.19,74
mesenchymal stem cell,SAP18,O00422-2,isoform,4.529973917796425e-19,4.724382278452577e-13,1.6491083719574062,2.038597732586291,80.63610465,ENST00000382533.8,ENSG00000150459.12,1423
vascular associated smooth muscle cell,MYL6,P60660-1,reference,7.296047134749777e-17,7.609164293584698e-11,1.6282411385684064,7.029296781063501,95.2643046357616,ENST00000550697.6,ENSG00000092841.19,156
epithelial cell,VAPA,Q9P0L0-2,isoform,8.885106213316776e-11,9.266419431567479e-05,1.622080606300464,1.7410085148350183,71.67503401,ENST00000340541.4,ENSG00000101558.14,418
adventitial cell,MYL6,P60660-1,reference,6.896843575639716e-29,7.192828514531871e-23,1.6113478707055848,5.736979282375841,95.2643046357616,ENST00000550697.6,ENSG00000092841.19,418
type ii pneumocyte,ARPC5,O15511-2,isoform,2.8726084092123684e-09,0.0029958892717021264,1.5894626892984267,2.350709634285937,90.29214286,ENST00000294742.6,ENSG00000162704.16,317
memory b cell,CD55,P08174-2,isoform,3.1213359986720635e-12,3.2552912543910737e-06,1.5869138759098091,1.0244952577248323,73.09113636,ENST00000314754.12,ENSG00000196352.17,1094
b cell,RPL28,P46779-2,isoform,1.455319184495626e-14,1.5177756626174404e-08,1.571910776349522,1.6029485449891678,77.06699387,ENST00000560583.5,ENSG00000108107.15,740
type ii pneumocyte,TSPAN3,O60637-3,isoform,7.93832380294896e-12,8.279004907276317e-06,1.5684607554492143,2.4628398518283117,87.21306878,ENST00000424443.7,ENSG00000140391.15,317
type ii pneumocyte,MYL6,P60660-2,isoform,6.760022706649018e-21,7.050135841127567e-15,1.5619320640101195,5.533384658384022,93.93437086,ENST00000547649.5,ENSG00000092841.19,317
endothelial cell of vascular tree,SOD2,P04179-2,isoform,1.2523903737983966e-16,1.3061379590803287e-10,1.548642326634539,1.8860495736618115,89.90234973,ENST00000337404.8,ENSG00000112096.19,735
basal cell,RPL28,P46779-2,isoform,1.1594754277300228e-24,1.2092354751864845e-18,1.544320568667179,1.7101825202288812,77.06699387,ENST00000560583.5,ENSG00000108107.15,1073
epithelial cell,CNBP,P62633-3,isoform,2.947722469709943e-13,3.0742269272200147e-07,1.5437514511454598,2.479441642683389,74.23826347,ENST00000504813.5,ENSG00000169714.17,418
"naive thymus-derived cd4-positive, alpha-beta t cell",RPL28,P46779-1,reference,4.3345235282876435e-10,0.0004520543940027636,1.4989391043935278,2.2287916886203547,92.4593430656934,ENST00000344063.7,ENSG00000108107.15,344
immune cell,MYL6,P60660-2,isoform,1.870032622915988e-11,1.9502869429610504e-05,1.4469303612436804,4.408858592979955,93.93437086,ENST00000547649.5,ENSG00000092841.19,495
plasma cell,RPL28,P46779-2,isoform,9.052481379017219e-10,0.0009440977669879122,1.4335001877823732,1.1669343824881409,77.06699387,ENST00000560583.5,ENSG00000108107.15,809
capillary endothelial cell,MYL6,P60660-1,reference,6.443243112152851e-13,6.719761333554003e-07,1.417490383267152,4.579670783464035,95.2643046357616,ENST00000550697.6,ENSG00000092841.19,679
memory b cell,RPL28,P46779-1,reference,1.0710516817077983e-18,1.11701693567997e-12,1.405033985139421,2.059067627276615,92.4593430656934,ENST00000344063.7,ENSG00000108107.15,1094
basal cell,UQCR10,Q9UDW1-1,reference,1.6846791809063694e-12,1.7569788726341472e-06,1.4037189648124149,2.5865529355427306,94.37333333333332,ENST00000330029.6,ENSG00000184076.13,1073
fibroblast,ARPC5,O15511-2,isoform,8.89019949105792e-10,0.0009271731292416162,1.391268964456168,1.86627019333154,90.29214286,ENST00000294742.6,ENSG00000162704.16,1109
epithelial cell,MYL6,P60660-1,reference,3.457729894061534e-16,3.606121830195079e-10,1.3420258454145795,5.879131723149239,95.2643046357616,ENST00000550697.6,ENSG00000092841.19,418
macrophage,ARPC5,O15511-2,isoform,5.68864897404409e-10,0.0005932783033414167,1.339735878030017,1.760802968349899,90.29214286,ENST00000294742.6,ENSG00000162704.16,1557
"cd4-positive, alpha-beta t cell",RPL28,P46779-1,reference,7.62586638856373e-10,0.0007953138070495332,1.3259283545660763,1.6482821421869533,92.4593430656934,ENST00000344063.7,ENSG00000108107.15,1094
basal cell,MYL6,P60660-1,reference,1.2216776197892694e-11,1.2741071365201457e-05,1.2631021128398472,4.548950387676852,95.2643046357616,ENST00000550697.6,ENSG00000092841.19,1073
endothelial cell of vascular tree,MYL6,P60660-1,reference,2.823054166819215e-13,2.9442083594424287e-07,1.259293097284348,5.577763745097982,95.2643046357616,ENST00000550697.6,ENSG00000092841.19,735
